:020000040800F2
:100000006050002075F30008E54800087FF3000801
:10001000E7480008EB480008EF480008000000002F
:10002000000000000000000000000000F34800088D
:10003000F5480008000000008BF30008D3490008D1
:100040008FF300088FF300088FF300088FF3000888
:100050008FF300088FF300088FF300088FF3000878
:100060008FF300088FF300088FF300088FF3000868
:100070008FF300088FF300088FF300088FF3000858
:100080008FF300088FF300088FF300088FF3000848
:100090008FF300088FF300088FF30008F74800087B
:1000A0008FF300088FF300088FF300088FF3000828
:1000B0008FF3000809490008114900088FF3000870
:1000C0008FF300088FF300088FF300088FF3000808
:1000D0008FF300082D490008354900083D49000804
:1000E0008FF300088FF300088FF300088FF30008E8
:1000F0008FF300088FF300088FF300088FF30008D8
:100100008FF300088FF300088FF300088FF30008C7
:10011000454900084D4900088FF3000813490008BD
:100120008FF300088FF300088FF300088FF30008A7
:100130008FF300088FF300088FF300088FF3000897
:100140008FF300088FF300088FF3000831000108D7
:100150008FF300088FF300088FF30008654900084B
:100160008FF300088FF300088FF300088FF3000867
:100170008FF300088FF300088FF300088FF3000857
:100180008FF300088FF30008554900085D49000807
:100190008FF300088FF300088FF300088FF3000837
:1001A0008FF300088FF300088FF30008DFF80CD0FE
:1001B00011F034FA00480047C501000860500020E3
:1001C00000BFFEE702F0A8FE00F03EF801E000F0FC
:1001D00061F8FCE770477047704710B59FED400A23
:1001E00006F00DFB10BD10B500F088F810BD10B57D
:1001F00006F021FADFED3B1A9FED3A1A3A48D0EDAE
:10020000000A3A4890ED000ADD21012002F0F3FDDA
:1002100004F03FFB10BD10B535480078401C344950
:100220000870087800EBD0714910A0EB410129B1AA
:100230004FF400412F4809F0DFFD04E04FF4004186
:100240002C4809F0A5FD10BD002000BF1FE000EB09
:100250004001294A02EB810189884FF47A7292FBAE
:10026000F1F100EB4002244B03EB8202D18000EB62
:1002700040011A4602EB8101C988012905DA0121F2
:1002800000EB400203EB8202D180411CC8B2072878
:10029000DDD3704770B5002400BF1EE004F0A3FB5F
:1002A000054604EB4400144901EB80008068281ADD
:1002B00004EB4401104A02EB8101C98888420AD349
:1002C00004EB4400114601EB8000856004EB44011F
:1002D00052F821008047601CC4B2072CDED370BDE9
:1002E0000AD7233C00000000400200203C0200200E
:1002F0005400002000100240000000207047000061
:1003000010B588B00446342C2CD004DC302C07D037
:10031000332C5DD114E0402C3AD0412C58D147E029
:100320001722894902A810F0D1FE172002A90A233A
:100330002246CDE90010DD21012001F0C6FE48E093
:1003400081481938016806918088ADF81C000620A4
:1003500006A90A232246CDE90010DD21012001F083
:10036000B4FE36E078481938D0F812100691C18AE8
:10037000ADF81C10007E8DF81E00072006A90A2388
:100380002246CDE90010DD21012001F09EFE20E093
:1003900014226E4903A810F099FE142003A90A2321
:1003A0002246CDE90010DD21012001F08EFE10E093
:1003B0000E22674904A810F089FE0E2004A90A2322
:1003C0002246CDE90010DD21012001F07EFE00E093
:1003D00000BF00BF08B010BD10B500242EE05D487E
:1003E00000EB84004088002817DD5B4830F82400CB
:1003F000401C594921F82400084630F8240055498A
:1004000001EB84014988884207DB0020524921F82A
:100410002400012001EB840188704F4800EB840028
:10042000807850B100204C4901EB84018870494923
:1004300011F82400FFF764FF10BD641C062CCEDB0E
:1004400000BFF9E710B52DED028BB0EE408AFFF743
:10045000C3FFBDEC028B10BD30B50346CA78052A38
:1004600053D007DC7AB1012A5AD0032A37D0042AA4
:1004700057D13FE0062A1AD0072A25D00F2A15D0D7
:10048000202A4ED100E04CE0C888344C20800889F6
:1004900060804889A0808889E080C8892081088A96
:1004A0006081488AA081888AE0813AE039E08879D1
:1004B0002B4C6070C879E070087A20714C7A28481B
:1004C00044718C7A84712CE0002005E08C1D245C42
:1004D000244D2C54441CE0B20628F7DB21E0002018
:1004E00005E08C1D245C204D2C54441CE0B20728F0
:1004F000F7DB16E0002005E08C1D245C1B4D2C541E
:10050000441CE0B20928F7DB0BE0002005E08C1D5D
:10051000245C174D2C54441CE0B20928F7DB00E0A2
:1005200000BF00BF30BD014600200AE0094A12F8B2
:1005300020208A4204D10122074B03EB80039A70EA
:10054000401C0628F2DB7047B1050020F027002090
:10055000D4050020D416010880050020E205002003
:10056000C80500206B00002064000020F205002078
:10057000FB05002010B52DED028BB0EE408A00F097
:100580001FF800BF2C4840782C490978884213D0C6
:1005900029484078294908700020294988744FF477
:1005A00087712748A0F813102348C1692448C0F870
:1005B00015103420FFF7B7FF00BFBDEC028B10BD54
:1005C00010B520480078FF2804D01E480078401C51
:1005D0001C490870184800781B490978884216D0D1
:1005E00015480078184908701348007A50B112482D
:1005F000C07838B110484089114908800E48808978
:10060000488004E04FF400400D49088048800A48C3
:1006100040780E49097888420DD0074840780B4948
:1006200008704FF40040064988803320FFF77BFFB5
:1006300000200449087010BD3C280020580000200C
:10064000980500205700002055000020560000208B
:1006500008B501207649887001F01EF948B175A0EF
:100660000068009003236A46DD21012001F01BF998
:1006700008BD0020FCE708B500206D49887001F036
:100680000BF948B16CA00068009003236A46DD2195
:10069000012001F008F908BD0020FCE738B5044648
:1006A00066480078A04216D001F0F6F888B160489C
:1006B00004706248047062A0006800905C48007892
:1006C0008DF8030004236A46DD21012001F0EBF8D8
:1006D00038BD0020FCE70120FAE708B501F0DCF89E
:1006E00048B158A00068009003236A46DD2101202C
:1006F00001F0D9F808BD0020FCE701B582B001F097
:10070000CBF890B150A103C9CDE900019DF80800D4
:100710008DF803009DF809008DF8040005236A4652
:10072000DD21012001F0BFF80EBD0020FCE708B577
:1007300001F0B2F848B146A00068009003236A4671
:10074000DD21012001F0AFF808BD0020FCE707B56E
:1007500084B001F0A1F840B310208DF8040002200D
:100760008DF8050003208DF806009DF810008DF827
:1007700007009DF811008DF808009DF814008DF811
:1007800009009DF815008DF80A009DF818008DF8F5
:100790000B009DF819008DF80C00092301AADD213A
:1007A000012001F080F807B000BD0020FBE708B58C
:1007B00001F072F848B127A00068009003236A4650
:1007C000DD21012001F06FF808BD0020FCE708B52D
:1007D00001F062F848B120A00068009003236A4647
:1007E000DD21012001F05FF808BD0020FCE708B51D
:1007F00001F052F848B119A00068009003236A463E
:10080000DD21012001F04FF808BD0020FCE708B50C
:1008100001F042F848B112A00068009003236A4634
:10082000DD21012001F03FF808BD0020FCE70000B9
:10083000C80500201000010010000200590000202F
:100840000101010010000700100005000000000079
:100850001000060001000300010004000100050073
:100860000100020010B504469848B0F96200B0F5E6
:10087000AF6F0BDD9548B0F96200B0F5C86F05DACF
:100880000120934948709349087002E00020904984
:1008900048708E48B0F96000B0F5966F06DA8C4863
:1008A000407818B901208A49087002E00020884980
:1008B00008708848007801284AD18748C078002805
:1008C00053D18248B0F95C0040F26C71884210DD6F
:1008D0007E48B0F95E0040F24C41884209DA7B481C
:1008E000B0F96000884204DA7848B0F962008842C2
:1008F00017DB7648B0F9620040F26C71884230DD57
:100900007248B0F95E0040F24C41884229DA6F48E3
:10091000B0F96000884224DA6C48B0F95C00884283
:100920001FDA6E480088B0F57A7F12DAD4ED000A3B
:100930006A48008800EE100AB8EE400A9FED681A77
:1009400000EE810ABCEEC00A10EE100A634908806E
:1009500062E0FFF77DFE0020604908805D49087075
:100960005AE000205D49088056E05B48C0780128C5
:1009700052D15648B0F95C0040F26C71884210DDEB
:100980005248B0F95E0040F24C41884209DA4F48C3
:10099000B0F96000884204DA4C48B0F9620088423D
:1009A00017DB4A48B0F9620040F26C71884230DDD2
:1009B0004648B0F95E0040F24C41884229DA43488B
:1009C000B0F96000884224DA4048B0F95C008842FF
:1009D0001FDA42480088B0F5967F12DAD4ED000A9B
:1009E0003E48008800EE100AB8EE400A9FED3C1A1F
:1009F00000EE810ABCEEC00A10EE100A37490880EA
:100A00000AE0FFF738FE00203449088031490870B9
:100A100002E000203149088010BD10B52E48C07892
:100A2000002844D12948B0F9620040F24C41884284
:100A300017DA2648B0F95E00884212DA2348B0F986
:100A4000600088420DDA2148B0F95C00884208DA7B
:100A50002448007838BBFFF7AAFE0120214908701E
:100A600025E01A48B0F9620040F26C7188421BDD43
:100A70001648B0F95E0040F24C41884214DA13483F
:100A8000B0F9600088420FDA1048B0F95C0040F21B
:100A90006C71884208DD1348007820B9FFF797FE93
:100AA00001201049087002E000200E49087010BDB6
:100AB00010B52DED020B054890F85B0020B9684693
:100AC000FFF7D0FEFFF7A9FF1CBD00009427002010
:100AD0005A0000205E000020C80500205C000020B5
:100AE00000007A445F00002010B52DED028B84B029
:100AF000B0EE408AFE48B0F9640040F2A46188423A
:100B000003DD0120FB49087002E00020F94908706C
:100B1000F74890F85B0000287DD1F548B0F96600F1
:100B2000B0F5966F06DA0120FFF7B8FD0120F24913
:100B3000087013E0EE48B0F9660040F2A461884204
:100B400006DA0220FFF7AAFD0220EB49087005E053
:100B50000320FFF7A3FD0320E7490870E64840782B
:100B6000E549097888420BD0E3480078E2494870AB
:100B700008460078032803D108468078401C887016
:100B80000024DD488078F8B1DC480088B0F5FA6FC1
:100B900010DADA48008800EE100AB8EE400ADFEDFD
:100BA000D80A00EE880ABCEEC00A10EE100AD3493B
:100BB000088009E0D0488078032800DB0124002069
:100BC000CE490880CC49887034B1FFF786FD08B95A
:100BD000012000E000200446C548B0F95C00A0F206
:100BE000DC5000EE900AF8EEE00AB0EE600A9FEDED
:100BF000C51ADFEDC50A02F0FFFD8DED000ABC4805
:100C0000B0F95E00A0F2DC5000EE900AF8EEE00AC7
:100C1000B0EE600A00E081E09FEDBA1ADFEDBA0A9B
:100C200002F0EAFD8DED010AB148B0F96000A0F2D2
:100C3000DC5000EE900AF8EEE00AB0EE600A9FED9C
:100C4000B31ADFEDB10A02F0D7FD8DED020AA84814
:100C5000B0F96200A0F2DC5000EE900AF8EEE00A73
:100C6000B0EE600A9FEDA91ADFEDA70A02F0C4FDFD
:100C70008DED030AA648007858B19FEDA30A8DEDCB
:100C8000000A9FEDA10A8DED010A9FED9F0A8DEDEF
:100C9000030A9DED000ADFED9F0A20EE200ADFED3A
:100CA0009E0A20EE200ABDEEC00A10EE100A00B225
:100CB0009A4908809DED010AB1EE400ADFED950AE0
:100CC00020EE200ADFED940A20EE200ABDEEC00AD5
:100CD00010EE100A00B248808548B0F86000A0F518
:100CE0007A7000B288809DED030AB1EE400ADFED14
:100CF0008C0A20EE200ADFED8B0A20EE200ABDEEE2
:100D0000C00A10EE100A00B2C8804120FFF70BFCA9
:100D1000002085490870854908701EE08448C07825
:100D200078B18148007828B90320FFF7B7FC7E49E5
:100D3000087006E07D48007818B9FFF7CEFC7B49C3
:100D4000087000207549088048804FF4AF70888093
:100D50000020C88088814881088104B0BDEC028BE6
:100D600010BD10B504467348008800EE100AB8EEB6
:100D7000400ADFED710A20EE200ABDEEC00A10EE37
:100D8000100A00B26D4908806A48408800EE100AD7
:100D9000B8EE400ADFED680A20EE200ABDEEC00A78
:100DA00010EE100A00B248806248808800EE100AF7
:100DB000B8EE400ADFED600A20EE200ABDEEC00A60
:100DC00010EE100A00B288805A48C08800EE100A5F
:100DD000B8EE400ADFED580A20EE200ABDEEC00A48
:100DE00010EE100A00B2C8805248008900EE100AC6
:100DF000B8EE400ADFED500A20EE200ABDEEC00A30
:100E000010EE100A00B208814A48408900EE100A2C
:100E1000B8EE400ADFED480A20EE200ABDEEC00A17
:100E200010EE100A00B248814248808900EE100A94
:100E3000B8EE400ADFED400A20EE200ABDEEC00AFF
:100E400010EE100A00B288813A48C08900EE100AFC
:100E5000B8EE400ADFED380A20EE200ABDEEC00AE7
:100E600010EE100A00B2C881E4B1002017E0334947
:100E700031F91010002901DC00210BE02F4931F974
:100E80001010B1F57A7F02DD4FF47A7102E02B4940
:100E900031F91010294A22F81010411CC8B2082854
:100EA000E5DB09E0002005E00021244A22F81010CB
:100EB000411CC8B20828F7DB204804F07CFF10BDB5
:100EC00010B51F480088401C1D490880084600884E
:100ED0000A2190FBF1F201FB120019490880084633
:100EE000008820B99FED170A02F0C3F92CE04AE010
:100EF00094270020B000002073000020760000201E
:100F000000007A4400002042000000000000A042DF
:100F10005A0000208F360E3B00C05A45D4050020F1
:100F2000C6F91B3B000048437100002072000020FE
:100F3000C8050020E2050020CDCCCC3D04060020F1
:100F4000780000200AD7233C1FED020AFFF7CCFDF2
:100F50001FED040AFFF7ACFD1FED060A02F086FE46
:100F60001FED080A03F016FA11484088401C10498A
:100F70004880084640880A2190FBF1F201FB1200EC
:100F80000B49488000BF04F082FD05F031FA00F003
:100F900050F8012002F066FF9FED060AFFF7EAFA1B
:100FA0009FED040AFFF74EFA0120FFF7DAFE10BDAD
:100FB000780000206F12833A70B504460E4615463D
:100FC00004F0010018B1E9B2304603F069FE04F004
:100FD000020018B1E9B2304603F066FF04F00400E5
:100FE00018B1E9B2304604F08BF804F0080018B1EB
:100FF000E9B2304604F07FF904F0100018B1E9B20C
:10100000304604F09BFA04F0200018B1E9B23046F3
:1010100004F08BFB04F0400018B1E9B2304604F054
:10102000A2FC04F0800018B12946304605F0C7F94B
:1010300070BD10B500F04CF910BD70B504460D46FA
:101040002946204600F098FA70BD7047704770B589
:101050000325002406E08D216143874A881800F0AB
:101060006CFF641CAC42F6DB70BD70B588B0054601
:101070000E4682480078401C8049087080A30222F6
:10108000FE21462001F02AFA1C2280A101A810F0BE
:101090001DF8002404E001A9085D01F0AEFF641C06
:1010A000192CF8DB08B070BD7FB504460D46002052
:1010B0000390029001909FED7C0A8DED000A0023C1
:1010C0002A46214603A800F080FB01232A46214638
:1010D00002A800F07AFB02232A46214601A800F06C
:1010E00074FB03232A462146684600F06EFB6FA27C
:1010F0009DF80C0000EE100AB8EE400AFE214620D2
:1011000001F070FA6BA2BDF8080000EE100AB8EE0C
:10111000400AFE21462001F065FA68A2BDF90400EC
:1011200000EE100AB8EEC00AFE21462001F05AFA7D
:1011300064A29DED000AFE21462001F053FA7FBD16
:1011400070B50225002408E0C4EB041101EBC101D5
:101150005E4A881800F0F3FA641CAC42F4DB70BD00
:1011600070B505460C466078DD2804D12146284636
:10117000FFF772F911E06078DE2804D12146284695
:1011800002F0CEFD09E06078D02806D1A0880830B2
:1011900082B221460120FFF70FFF70BD70B50546F2
:1011A0000C46A088083086B2A078FF280CD1607861
:1011B000FE285FD105F0010000285BD132462146B0
:1011C0000120FFF7F9FE55E0A078072845D006DC9E
:1011D00006284ED2DFE800F04D23292F353BDD28CD
:1011E0000AD004DC08283ED0D02842D10AE0DE280C
:1011F0000ED0FE283DD10CE0324621460120FFF7FB
:10120000DBFE36E0324621460220FFF7D5FE30E015
:101210002FE0324621464620FFF7CEFE29E0324637
:1012200021460120FFF7C8FE23E032462146022076
:10123000FFF7C2FE1DE0324621460420FFF7BCFE48
:1012400017E0324621460820FFF7B6FE11E032468D
:1012500021461020FFF7B0FE0BE032462146202049
:10126000FFF7AAFE05E0324621464020FFF7A4FE24
:1012700000BF00BF70BD0000EE1601087C0000201A
:101280007465737446756E204F4B21000F01FCDFAF
:10129000FFFE070F78C0031EFFFBDFFFFEF7BF193D
:1012A0000310800000000000000000005F70617209
:1012B000310000005F706172320000005F70617287
:1012C000330000005F70617234000000951801085F
:1012D0002DE9F0414FF480754FF0FF34002676E0A1
:1012E0004FF0FF34FF25002040E000EBC00101EB90
:1012F0004101E04A12F83110012936D100EBC0015A
:1013000001EB410102EBC101497801292DD100EB2C
:10131000C00101EB410102EBC1010979A94208DAE0
:1013200000EBC00101EB410102EBC1010D79044664
:101330001BE000EBC00101EB4101CE4A02EBC10111
:101340000979A94211D100EBC00101EB410102EB87
:10135000C101C98804EBC40202EB4202C54B03EB96
:10136000C202D288914200DA0446401C1428BCDB39
:10137000002C2ADB04EBC40303EB4303BD4F07EB54
:10138000C3039B8908339AB204EBC40303EB430302
:1013900007EBC30303F1080104EBC40303EB4303AE
:1013A00007EBC3035888FFF707FE002004EBC401D6
:1013B00001EB41013A4602F8310004EBC40101EBB4
:1013C000410102EBC101487000E002E0761C052EED
:1013D00086DB00BF00F00EFBBDE8F08170B5034670
:1013E0004FF0FF31002021E000EBC00404EB440487
:1013F000A04D15F83440C4B9012400EBC00505EB3D
:1014000045059C4E06F835409B4C248800EBC005F2
:1014100005EB450506EBC505EC80974C2488641C5C
:10142000954D2C800146084670BD401C1428DBDB1E
:101430004FF0FF3200202FE000EBC00404EB440427
:101440008C4D05EBC4042479944208DD00EBC00404
:1014500004EB440405EBC404227901461BE000EBD5
:10146000C00404EB4404834D05EBC4042479944286
:1014700011D100EBC00404EB440405EBC404E48880
:1014800001EBC10505EB45057A4E06EBC505ED8878
:10149000AC4200DA0146401C1428CDDB01EBC10050
:1014A00000EB4000734C04EBC0000079984201DA75
:1014B0004FF0FF31002903DB142901DA0846B3E7B6
:1014C0004FF0FF30B0E710B5014600220023087846
:1014D000AB2801D0002010BD002006E00C5C1444B5
:1014E000E2B29C18E3B2441CA0B28C88A41D8442D2
:1014F000F4DC91F8CE00904205D191F8CF009842EB
:1015000001D10120E7E70020E5E770B505460C466C
:10151000A078DB2803D0A078FF2800D070BDE07849
:10152000C12816D003DC38B1C0281DD110E0E02856
:1015300014D0E12818D112E0A079C02803D12146A7
:10154000284600F03EFAE8B22146FFF709FE10E017
:1015500000BF2146284600F0A2F80AE000BF21465D
:10156000284600F088FC04E0E8B22146FFF7F8FDC9
:1015700000BF00BF00BFD1E72DE9F04106460D4690
:1015800000274FF0010805E04FF6FF7000EA480819
:10159000781CC7B206EA080010B9B8F1000FF3DCF6
:1015A000082F01DBBDE8F08135207843334901EB9A
:1015B0008004207830B9AB2D59D101202070608093
:1015C000257154E02078012810D16188481C608082
:1015D000201D45546088062849DB2089C82802DB85
:1015E0000020207043E00220207040E02078022894
:1015F0000CD16188481C6080201D45546188208979
:10160000801D814233DB0320207030E020780328E6
:1016100009D16188481C6080201D455484F8D2504F
:101620000420207023E0207804281ED16188481C03
:101630006080201D455484F8D35000202070201D68
:10164000FFF741FF98B1A079DB2802D0A079FF28ED
:1016500003D1211D3046FFF758FFA079DB2806D0C3
:10166000F0B2211DFFF79AFD01E00020207000BFBD
:1016700098E70000B40C00209E0000201406002013
:10168000F0480068704700B50146FFF7F9FF88424F
:1016900001DA002000BDEC4850F82100FAE7F0B56F
:1016A000A3B006460C46E078C02802D0C12843D13A
:1016B00031E000252AE02846FFF7E5FF07468722AC
:1016C000394601A80FF002FDA0799DF80410884268
:1016D0001AD1E0799DF80510884215D1207A9DF83D
:1016E0000610884210D194F8CF00009094F8CE30C4
:1016F000E2786178304600F067FDDDF88720294602
:101700002046904723B0F0BD681C85B2FFF7B8FFB4
:10171000A842D0DC10E0A07920B96178304601F011
:10172000F2F908E0A079012805D1B4F80720617822
:10173000304601F06DFA00BF00BF00BFE2E7C149CB
:1017400009687F2908DCBF490A680968491CBD4B44
:101750001960BD4941F82200704710B50246FFF7F5
:101760008FFF904202DA4FF0FF3010BD00210020C1
:1017700026E0B54B53F82230DB1C1B5C03B921E09B
:10178000B14B53F82230DB1C1B5C0B2B15D2DFE86E
:1017900003F0140607090A0C0D10110E120000BF09
:1017A000491C0BE000BF891C08E000BF00BF091DF9
:1017B00004E000BF00BF083100E000BF00BF401CD4
:1017C0000828D6DB00BF0846CFE72DE9F047814661
:1017D0000F4615461E46FFF753FFA84201DABDE843
:1017E000F087082E00DBFAE74FF00008964850F823
:1017F0002500C01C805D0B2819D2DFE800F0180618
:10180000070A0B0E0F131410150000BF4FF001084C
:101810000EE000BF4FF002080AE000BF00BF4FF02B
:10182000040805E000BF00BF4FF0080800E000BF5B
:1018300000BF0024002024E0834951F82510C91C72
:10184000095C0B291AD2DFE801F01906070A0B0E12
:101850000F131410150000BF611C8CB20FE000BF05
:10186000A11C8CB20BE000BF00BF211D8CB206E0B2
:1018700000BF00BF04F108018CB200E000BF00BF50
:10188000401CB042D8DBE01CBA1D811842464846D5
:101890000FF01CFC00BFA2E76C48007808B90120DB
:1018A00070470020FCE72DE9F04106460F469046C0
:1018B0001D466648007810B10020BDE8F081012087
:1018C000FFF78CFD0446002C79DB012004EBC401FA
:1018D00001EB41015E4A02F83100AB2004EBC40188
:1018E00001EB410102EBC1010872DB2104EBC400F2
:1018F00000EB400002EBC000417204EBC40000EBBF
:101900004000114601EBC0008772C02104EBC40007
:1019100000EB400002EBC000C17204EBC40101EB1C
:10192000410102EBC10101F10E002A4641460FF0D0
:10193000CDFB04EBC40000EB4000454901EBC000C7
:10194000858104EBC40101EB4101414A02EBC10175
:1019500001F1080000F09EFB04EBC40000EB400026
:101960003B4901EBC0004680012004EBC40101EBC0
:101970004101374A02EBC1014870C0203549087067
:1019800004EBC40000EB4000114601EBC00090F8EE
:10199000D6003049487004EBC40000EB400011460B
:1019A00001EBC00090F8D7002A4988700120274930
:1019B000087000202849088001207EE7FFE700200A
:1019C0007BE7CA78AAB98A79224B1B789A420DD153
:1019D000CA79204B5B789A4208D10A7A1D4B9B78D2
:1019E0009A4203D10222194B1A7002E00322174BCC
:1019F0001A7070471548007880B117480088B0F514
:101A00007A7F05DA14480088401C1349088018E0E2
:101A10000020114908800D49087012E00B48007839
:101A2000022805D100200C4908800849087008E008
:101A300006480078032804D100200749088003499C
:101A400008707047A0000020941D0020A400002012
:101A5000B40C0020A5000020A8000020FE4800686B
:101A6000704770B52DED048B0546EC88FFF7F6FF47
:101A7000A04202DABDEC048B70BDF84850F8240097
:101A800000790B287AD2DFE800F0062E5881ABD31C
:101A9000F8F7F6F5F400287AF04951F8241051F8D7
:101AA000053F49681B1A71F1000105DBEB4951F84C
:101AB0002410D1F8051010E0E84951F8241051F82D
:101AC0000D3F49681B1A71F1000105DAE34951F82D
:101AD0002410D1F80D1000E00146E04A52F824200D
:101AE00012681170C4E195F90800DC4951F824101E
:101AF00051F8053F4968C2171B1A914105DBD749C8
:101B000051F82410D1F8051010E0D44951F82410F0
:101B100051F80D3F4968C2171B1A914105DACF49A8
:101B200051F82410D1F80D1000E0014649B2CB4A1B
:101B300052F82420126811709AE12889C74951F897
:101B4000241051F8053F49681B1A71F1000105DBAB
:101B5000C24951F82410D1F8051011E0BF4951F8DD
:101B6000241051F80D3F49681B1A71F1000106DA83
:101B7000BA4951F82410D1F80D1001E077E101467F
:101B8000B64A52F824201268118071E1B5F90800B4
:101B9000B24951F8241051F8053F4968C2171B1A81
:101BA000914105DBAD4951F82410D1F8051010E042
:101BB000AA4951F8241051F80D3F4968C2171B1A61
:101BC000914105DAA54951F82410D1F80D1000E033
:101BD000014609B2A14A52F824201268118047E157
:101BE000A8689E4951F8241051F8053F49681B1A0E
:101BF00071F1000105DB994951F82410D1F8051065
:101C000010E0964951F8241051F80D3F49681B1A0D
:101C100071F1000105DA914951F82410D1F80D1045
:101C200000E001468D4A52F82420126811601FE13D
:101C3000A8688A4951F8241051F8053F4968C2172D
:101C40001B1A914105DB854951F82410D1F8051084
:101C500015E0824951F8241051F80D3F4968C21728
:101C60001B1A91410ADA7D4951F82410D1F80D1060
:101C700005E0DCE09DE008E071E046E00146774ADF
:101C800052F8242012681160F2E095ED020AB0EEDD
:101C9000408A724850F8240050F8052F41681046D9
:101CA0000FF05EFB00EE100AB4EEC80AF1EE10FA77
:101CB00009DB6A4850F8241051F8052F496810468E
:101CC0000FF04EFB1BE0654850F8241051F80D2F23
:101CD000496810460FF044FB00EE100AB4EEC80A43
:101CE000F1EE10FA09D25D4850F8240050F80D2F9B
:101CF000416810460FF034FB01E018EE100A574916
:101D000051F8241009680860B2E0D5E9022353486D
:101D100050F8240050F8051F4068891A984106D3EE
:101D20004E4850F8241051F8050F496811E04B480F
:101D300050F8240050F80D1F4068891A984106D2C7
:101D4000464850F8241051F80D0F496801E010463C
:101D50001946424E56F82460366803C688E0D5E935
:101D600002233E4850F8240050F8051F4068891AA5
:101D7000984106DB394850F8241051F8050F49689E
:101D800011E0364850F8240050F80D1F4068891AB9
:101D9000984106DA314850F8241051F80D0F49687F
:101DA00001E0104619462D4E56F82460366803C6E9
:101DB0005EE095ED020BB0EE408AF0EE608A2748B7
:101DC00050F8240050F8052F416810460FF0FCFA37
:101DD00053EC182B0FF038FB09D8204850F824009A
:101DE00050F8052F416810460FF0EEFA19E01B4835
:101DF00050F8241051F80D2F496810460FF0E4FAFE
:101E000053EC182B0FF008FB09D2144850F824109B
:101E100051F80D2F496810460FF0D6FA01E051EC49
:101E2000180B0E4A52F82420126803C220E02879C9
:101E3000801EC6B2632E00DD6326084A52F82420B5
:101E4000D2F80D10054A52F8242010680FF057F907
:101E5000024951F8241003E0AC000020941F002038
:101E60000868324605F108010FF030F900E000BFC4
:101E700000BF00BFFEE538B505460C46E078E02817
:101E800002D0E12844D131E0A07920B96178284618
:101E900000F01EFA25E0A079012804D161782846D7
:101EA00000F052FC1DE0A079022806D1B4F807200A
:101EB0006178284600F0CDFC13E0A079032806D114
:101EC000B4F807206178284600F050FD09E094F846
:101ED000CF00009094F8CE30E2786178284600F088
:101EE00073F921462846FFF7B1F811E02046FFF7C5
:101EF000B8FD94F8CF00009094F8CE30E278617885
:101F0000284600F061F921462846FFF79EF800BFF9
:101F100000BF38BD00B50246002108E05B4850F81C
:101F200021000068904201D1012000BD491CFFF74B
:101F300095FD8842F2DC0020F7E700B503461868FB
:101F4000FFF7E8FF68B952480068B0F5007F08DA8B
:101F50004F4801680068401C4D4A10604B4840F8EB
:101F6000213000BD00B50146FFF778FD884201DA57
:101F7000002000BD454850F82100FAE770B504463E
:101F80000D46FFF76BFDA04201DA002070BD3F480F
:101F900050F8240000790B2875D2DFE800F0060E17
:101FA000161E262E3E4836525C00384850F8240053
:101FB0000068007828700120E8E7344850F82400D1
:101FC0000068007828700120E0E7304850F82400CD
:101FD0000068008828800220D8E72C4850F82400A8
:101FE0000068008828800220D0E7284850F82400A4
:101FF0000068006828600420C8E7244850F82400DE
:102000000068006828600420C0E7204850F82400D9
:102010000068006828600420B8E71C4850F82400D5
:10202000006801682960406868600820AEE71748CA
:1020300050F8240000680168296040686860082042
:10204000A4E7124850F8240000680168296040683D
:10205000686008209AE7002601E0701CC6B2642E72
:1020600006DA0A4850F824000068805D0028F4D1A0
:10207000064850F824000168324628460FF026F83A
:10208000304683E7FFE7002080E70000941F002030
:10209000AC00002010B500210022002306E0C45C43
:1020A0000C44E1B25418E2B25C1CA3B28488A41DB3
:1020B0009C42F4DC83889B1DC1548388DB1DC25481
:1020C00080F8CE1080F8CF2010BD2DE9F05F0646D5
:1020D0000F4690461D46DDE90AAB4FF00009284641
:1020E000FFF77CF90446002C6CDB012004EBC401F3
:1020F00001EB4101F64A02F8310004EBC40000EBA9
:102100004000114601EBC0000571AB2004EBC40197
:1021100001EB410102EBC1010872DB2104EBC400B9
:1021200000EB400002EBC000417204EBC40000EB86
:102130004000114601EBC000877204EBC40000EBC5
:10214000400001EBC00080F80B80002011E01AF87D
:10215000003004EBC40101EB4101DD4A02EBC10197
:102160000E314A4609F1010C0CF0FF098B54411C59
:1021700088B25845EBDB04EBC40000EB4000D449C7
:1021800001EBC000A0F80C9004EBC40101EB41018D
:10219000CF4A02EBC10101F10800FFF77BFF04EB1E
:1021A000C40000EB4000CA4901EBC000468001209A
:1021B00004EBC40101EB4101C54A02EBC1014870C7
:1021C000BDE8F09F0020FBE72DE9F04706460F46EB
:1021D00090469946DDF820A000250120FFF7FEF883
:1021E0000446002C72DB012004EBC40101EB410129
:1021F000B74A02F83100AB2004EBC40101EB410106
:1022000002EBC1010872DB2104EBC40000EB4000CB
:1022100002EBC000417204EBC40000EB4000114629
:1022200001EBC0008772002104EBC40000EB40000A
:1022300002EBC000C17204EBC40000EB4000114689
:1022400001EBC0000E3029466A1CD5B200F80180AF
:1022500004EBC40000EB40009D4901EBC0000E30D0
:1022600029466A1CD5B200F8019004EBC40000EBCB
:102270004000974901EBC0000E3029466A1CD5B2D8
:1022800000F801A004EBC40000EB4000904901EB12
:10229000C000858104EBC40101EB41018C4A02EBD3
:1022A000C10101F10800FFF7F5FE04EBC40000EBEB
:1022B0004000874901EBC0004680012004EBC401C7
:1022C00001EB4101824A02EBC1014870BDE8F08791
:1022D0002DE9F8430746884600250120FFF77EF8E0
:1022E0000446002C7EDB012004EBC40101EB41011C
:1022F000774A02F83100AB2004EBC40101EB410145
:1023000002EBC1010872DB2104EBC40000EB4000CA
:1023100002EBC000417204EBC40000EB4000114628
:1023200001EBC00080F80A80E32104EBC40000EB5D
:10233000400002EBC000C172DB2304EBC40000EBE1
:102340004000114601EBC0000E3029466A1CD5B290
:102350004354642000909DF8003004EBC40000EB6F
:1023600040005B4901EBC0000E3029466A1CD5B223
:1023700043549DF8013004EBC40000EB4000544985
:1023800001EBC0000E3029466A1CD5B243546420CC
:1023900000909DF8003004EBC40000EB40004C4975
:1023A00001EBC0000E3029466A1CD5B243549DF89B
:1023B000013004EBC40000EB4000454901EBC000D4
:1023C0000E3029466A1CD5B24354002000909DF877
:1023D000003004EBC40000EB40003D4901EBC000BD
:1023E0000E3000E072E029466A1CD5B243549DF8D5
:1023F000013004EBC40000EB4000354901EBC000A4
:102400000E3029466A1CD5B243544FF448700090F0
:102410009DF8003004EBC40000EB40002C4901EBB8
:10242000C0000E3029466A1CD5B243549DF80130D5
:1024300004EBC40000EB4000254901EBC0000E3066
:1024400029466A1CD5B2435400260FF2880913E0CE
:102450003046711CCEB219F8003004EBC40000EB1A
:1024600040001B4901EBC0000E3029466A1CD5B262
:102470004354B42E00DD03E019F806000028E7D12C
:1024800000BF04EBC40000EB4000114901EBC000A9
:10249000858104EBC40101EB41010D4A02EBC1014E
:1024A00001F10800FFF7F6FD04EBC40000EB40006B
:1024B000074901EBC0004780012004EBC40101EB98
:1024C0004101034A02EBC101487000BFBDE8F88337
:1024D000B40C0020416E6F4D435500002DE9F047CC
:1024E0008046894692461D4600261420FEF776FF58
:1024F0000446002C74DB012004EBC40101EB410114
:10250000FE4A02F83100AB2004EBC40101EB4101AB
:1025100002EBC1010872DB2104EBC40000EB4000B8
:1025200002EBC000417204EBC40000EB4000114616
:1025300001EBC00080F80A90A02104EBC40000EB7E
:10254000400002EBC000C17204EBC40000EB40008D
:10255000114601EBC0000E303146721CD6B200F8B5
:1025600001A0002712E03846791CCFB22B5C04EBA7
:10257000C40000EB4000E14901EBC0000E303146E1
:10258000721CD6B24354B42F00DD02E0E85D00288F
:10259000E9D100BF04EBC40000EB4000D74901EBD8
:1025A000C000868104EBC40101EB4101D34A02EB78
:1025B000C10101F10800FFF76DFD04EBC40000EB61
:1025C0004000CE4901EBC000A0F80280012004EBDE
:1025D000C40101EB4101C94A02EBC101487000BFCF
:1025E000BDE8F0872DE9F7432DED020B80468946C3
:1025F000164600251420FEF7F1FE0446002C75DB7C
:10260000012004EBC40101EB4101BC4A02F8310096
:10261000AB2004EBC40101EB410102EBC1010872E4
:10262000DB2104EBC40000EB400002EBC000417270
:1026300004EBC40000EB4000114601EBC00080F841
:102640000A90A12104EBC40000EB400002EBC000A3
:10265000C1729DF8003004EBC40000EB400011464D
:1026600001EBC0000E3029466A1CD5B243549DF8D8
:10267000013004EBC40000EB4000A04901EBC000B6
:102680000E3029466A1CD5B243549DF8023004EB43
:10269000C40000EB4000994901EBC0000E30294610
:1026A0006A1CD5B243549DF8033004EBC40000EB20
:1026B0004000924901EBC0000E3029466A1CD5B299
:1026C0004354002713E03846791CCFB2335C04EB47
:1026D000C40000EB4000894901EBC0000E302946E0
:1026E0006A1CD5B24354B42F01DD03E029E0F05D4C
:1026F0000028E8D100BF04EBC40000EB40007F4994
:1027000001EBC000858104EBC40101EB41017B4A70
:1027100002EBC10101F10800FFF7BCFC04EBC400AF
:1027200000EB4000754901EBC000A0F802800120D9
:1027300004EBC40101EB4101704A02EBC101487096
:1027400000BF05B0BDE8F083F8B506460F4600258A
:102750000120FEF743FE0446002C79DB012004EB48
:10276000C40101EB4101654A02F83100AB2004EBE2
:10277000C40101EB410102EBC1010872DB2104EB52
:10278000C40000EB400002EBC000417204EBC40047
:1027900000EB4000114601EBC0008772E02104EB22
:1027A000C40000EB400002EBC000C172012304EB47
:1027B000C40000EB4000114601EBC0000E3029467A
:1027C0006A1CD5B24354FFF749F980B200909DF8D6
:1027D000003004EBC40000EB4000484901EBC000AE
:1027E0000E3029466A1CD5B243549DF8013004EBE3
:1027F000C40000EB4000414901EBC0000E30294607
:102800006A1CD5B2435404EBC40000EB40003B49C2
:1028100001EBC000858104EBC40101EB4101374AA3
:1028200002EBC10101F10800FFF734FC04EBC40026
:1028300000EB4000314901EBC0004680012004EB71
:10284000C40101EB41012D4A02EBC101487000BFF8
:10285000F8BDF7B506460F460025FFF7FFF8BDF8AF
:102860000810884200DCFEBD0120FEF7B7FD0446DB
:10287000002C79DB012004EBC40101EB41011F4A6C
:1028800002F83100AB2004EBC40101EB410102EB83
:10289000C1010872DB2104EBC40000EB400002EB35
:1028A000C000417204EBC40000EB4000114601EB94
:1028B000C0008772E12104EBC40000EB400002EB92
:1028C000C000C1729DF8083004EBC40000EB40006A
:1028D000114601EBC0000E3029466A1CD5B24354A4
:1028E0009DF8093004EBC40000EB4000034901EB04
:1028F000C0000E3029466A1CD5B201E0B40C00209D
:10290000435404EBC40000EB4000F74A02EBC00064
:102910000E304119BDF80800FFF730FB2844C5B25E
:1029200004EBC40000EB4000EF4901EBC0008581DF
:1029300004EBC40101EB4101EB4A02EBC10101F1DF
:102940000800FFF7A7FB04EBC40000EB4000E649DA
:1029500001EBC0004680012004EBC40101EB410102
:10296000E14A02EBC101487000BF7CE72DE9F74363
:10297000804689460025FFF771F8BDF808108842A7
:1029800001DCBDE8FE830120FEF728FD0446002C93
:1029900075DB012004EBC40101EB4101D24A02F8CE
:1029A0003100AB2004EBC40101EB410102EBC1019A
:1029B0000872DB2104EBC40000EB400002EBC00016
:1029C000417204EBC40000EB4000114601EBC00073
:1029D00080F80A90E22104EBC40000EB400002EB17
:1029E000C000C1729DF8083004EBC40000EB400049
:1029F000114601EBC0000E3029466A1CD5B2435483
:102A00009DF8093004EBC40000EB4000B64901EB2F
:102A1000C0000E3029466A1CD5B24354BDF80800E8
:102A2000FFF7A0FA00B9ACE7BDF80800FFF79AFA83
:102A30000646337904EBC40000EB4000AA4901EBE1
:102A4000C0000E3029466A1CD5B24354002012E063
:102A500006F1150111F800C004EBC40101EB4101BE
:102A6000A14A02EBC1010E312A466B1CDDB201F80E
:102A700002C0411CC8B21428EADB002715E040E080
:102A80003846791CCFB206F129010B5C04EBC40077
:102A900000EB4000944901EBC0000E3029466A1C4F
:102AA000D5B24354AA2F00DD04E006F12900C05D31
:102AB0000028E5D100BF04EBC40000EB40008A49C8
:102AC00001EBC000858104EBC40101EB4101864AA2
:102AD00002EBC10101F10800FFF7DCFA04EBC400CE
:102AE00000EB4000804901EBC000A0F8028001200B
:102AF00004EBC40101EB41017B4A02EBC1014870C8
:102B000000BF00BF3DE7F8B506460F46002501208F
:102B1000FEF764FC0446002C79DB012004EBC401C1
:102B200001EB4101704A02F83100AB2004EBC40113
:102B300001EB410102EBC1010872DB2104EBC4008F
:102B400000EB400002EBC000417204EBC40000EB5C
:102B50004000114601EBC0008772C12104EBC400A4
:102B600000EB400002EBC000C172002304EBC40084
:102B700000EB4000114601EBC0000E3029466A1CF4
:102B8000D5B24354FEF77CFD80B200909DF8003032
:102B900004EBC40000EB4000534901EBC0000E30D1
:102BA00029466A1CD5B243549DF8013004EBC40099
:102BB00000EB40004C4901EBC0000E3029466A1C76
:102BC000D5B2435404EBC40000EB4000464901EB8E
:102BD000C000858104EBC40101EB4101424A02EBD4
:102BE000C10101F10800FFF755FA04EBC40000EB46
:102BF00040003D4901EBC0004680012004EBC401C8
:102C000001EB4101384A02EBC101487000BFF8BD39
:102C10002DE9F743A2B0074688460025FEF730FDB0
:102C2000BDF89010884202DC25B0BDE8F083012099
:102C3000FEF7D4FB0446002C7EDB012004EBC4012C
:102C400001EB4101284A02F83100AB2004EBC4013A
:102C500001EB410102EBC1010872DB2104EBC4006E
:102C600000EB400002EBC000417204EBC40000EB3B
:102C70004000114601EBC00080F80A80C22104EB3D
:102C8000C40000EB400002EBC000C1729DF8903020
:102C900004EBC40000EB4000114601EBC0000E3015
:102CA00029466A1CD5B243549DF8913004EBC40008
:102CB00000EB40000C4901EBC0000E3029466A1CB5
:102CC000D5B24354BDF89000FEF7DDFC00B9ABE788
:102CD000BDF89000FEF7D7FC81468722494668463A
:102CE0000EF0F4F9002011E0B40C00201DF800C033
:102CF00004EBC40101EB4101804A02EBC1010E313A
:102D00002A466B1CDDB201F802C0401C0328EDDB33
:102D1000002013E00DF1030111F800C004EBC40121
:102D200001EB4101754A02EBC1010E312A466B1CD1
:102D3000DDB201F802C000E05BE0401C0828E9DBDE
:102D4000002012E00DF10B0111F800C004EBC401EA
:102D500001EB4101694A02EBC1010E312A466B1CAD
:102D6000DDB201F802C0411CC8B21428EADB00261B
:102D700014E03046711CCEB20DF11F010B5C04EB68
:102D8000C40000EB40005D4901EBC0000E30294655
:102D90006A1CD5B24354B42E00DD04E00DF11F00CF
:102DA000805D0028E5D100BF04EBC40000EB4000CB
:102DB000524901EBC000858104EBC40101EB4101E4
:102DC0004E4A02EBC10101F10800FFF763F904EB81
:102DD000C40000EB4000494901EBC00047800120DE
:102DE00004EBC40101EB4101444A02EBC10148700C
:102DF00000BF00BF18E770B52DED048B8CB0054601
:102E00000E46B0EE408AF0EE608AB0EE419AF0EEE7
:102E1000619A00249FED3A0A28EE000ABCEEC00A2F
:102E200010EE100A80B203909DF80C202146641C1D
:102E300004A842549DF80D202146641C42549FED85
:102E4000300A28EE800ABCEEC00A10EE100A80B2EA
:102E500003909DF80C202146641C04A842549DF860
:102E60000D202146641C42549FED250A29EE000ADC
:102E7000BCEEC00A10EE100A80B203909DF80C2040
:102E80002146641C04A842549DF80D202146641C70
:102E900042549FED1B0A29EE800ABCEEC00A10EED8
:102EA000100A80B203909DF80C202146641C04A8EF
:102EB00042549DF80D202046611CCCB204A90A544E
:102EC000002003909DF80C202046611CCCB204A980
:102ED0000A549DF80D202046611CCCB204A90A5466
:102EE00004A80A230D223146CDE900042846FFF745
:102EF000ECF80CB0BDEC048B70BD0000B40C0020ED
:102F00000000C84210B502F0B7FF0120F94981F86E
:102F10005A0081F85B0010BD10B501F09EFD6420E1
:102F200001F08FFD01F0A1FD002001F0BDFD03F0D7
:102F30002BFA01F0D1FD02F0CBFD642001F081FD00
:102F4000FEF785F8FEF7FCF8EB4801F02EFEEB48A3
:102F500001F032FFE94802F059F8E84802F080FA3F
:102F6000E74802F079FBE54802F073FC642001F0C9
:102F700068FDFFF7C7FF642001F063FD01F048F82A
:102F800001F004FE03F0A6FA03F09FFB3222642155
:102F9000022003F05FFC01F042FC012010BD40F66E
:102FA000C411884203DDD7490978032903DCD549D8
:102FB00009780A290DD10021D24A1170CD49B1F802
:102FC0007010491CCB4AA2F87010012182F87210CF
:102FD00012E0B0F5967F0FDD40F6B83188420BDA8B
:102FE00002B2C449891CC74B1B7821F81320C5497C
:102FF0000978491CC34A1170704738B50446C2A00D
:1030000000680090C1484068C049086001F0EEFCCB
:10301000BE494860084640680968401A40F6C41135
:10302000884202D90020BA490870B94800781928A6
:1030300002DB0020B6490870B54801780078401CD2
:10304000B34A1070B34844541046007819287DD113
:10305000182011460870AF4800780F2877D1AD4886
:10306000007E38B1AB48017EAB4A12781DF80200F1
:103070008142F3D10020A64908701922A549A7482A
:103080000EF024F8A548B0F80100C0F30A009949F1
:103090008882A2484088C0F3CA019648C1829F48EE
:1030A000D0F80200C0F38A31924801839B48B0F8FF
:1030B0000500C0F34A018F4841839848C088C0F397
:1030C0000A118C4881839548D0F80600C0F3CA31B4
:1030D0008848C1839148B0F80900C0F38A01854847
:1030E00001848E4840894109824841848B48808907
:1030F000C0F30A017F4881848848B0F80D00C0F30E
:10310000CA017C48C1848548D0F80D00C0F38A31DB
:10311000784801858148008AC0F34A017548418595
:103120007E48B0F81100C0F30A11724881857B48CF
:10313000D0F81100C0F3CA316E48C1857748808A43
:10314000C0F38A016B480186744801E032E027E051
:10315000B0F815004109674841867048C07D65494F
:1031600081F83400084690F8340000F0080040B9B7
:103170000846B0F87000401CA1F87000022081F8E9
:10318000720065480078401C634908700878C117D0
:1031900000EB91718910A0EB81015F4A117009E089
:1031A000002005E05B4A411C515C1154411CC8B22F
:1031B0001828F7DB38BD10B50446D4ED000A58488E
:1031C000008800EE100AB8EE400A9FED561A00EE95
:1031D000810ABCEEC00A10EE100A51490880084668
:1031E0000088B0F57A7F43DD002008804148B0F8C0
:1031F00070004049A1F858000846B0F8580005286A
:1032000003DA012081F85A0003E00020394981F8EF
:103210005A00384890F85A0008B33648007818BB6E
:1032200041480078401C4049087008460078032156
:1032300090FBF1F201FB12003B4908700846007850
:10324000012802D102F099FE0EE0374800780228EA
:1032500002D102F011FE07E002F0F6FE04E025487C
:1032600090F872002349087000202249A1F87000EC
:1032700010BD10B52DED020B6846FFF79CFF1D48F1
:1032800090F85A0000287DD11A48007801280DD105
:10329000002008E01749891C31F810205A3121F824
:1032A0001020411CC8B20A28F4DB65E01148007800
:1032B00002283FD100201AE00E49143131F91010D4
:1032C000A1F5806100EE101AF8EEC00A9FED170A12
:1032D0009FED171A01EE200ABDEEC00A10EE101A7B
:1032E0000AB204495C3121F81020411CC8B20A28F6
:1032F000E2DB41E09427002040420F0020A10700BC
:10330000A0680600B100002004142434B40000209A
:10331000BC00002021280020BD000020082800203B
:10332000C000002000007A44BE0000200080BB44A2
:103330002FDD243F2B48007803281DD1002019E001
:103340002849363131F91010AC3900EE101AF8EE78
:10335000C00A1FED0C0A9FED241A01EE200ABDEEF3
:10336000C00A10EE101A0AB21E495C3121F8102072
:10337000411CC8B20A28E3DB1A48B0F96600B0F570
:10338000966F00E01AE005DD1648B0F96600B0F56A
:10339000AF6F0BDB1348B0F96600B0F5C86F09DDFD
:1033A0001048B0F96600B0F5E16F03DA01200F496B
:1033B000087011E000200D4908700DE001200B4954
:1033C0000870002006E0002206495C3121F8102038
:1033D000411CC8B20A28F6DB04480078014981F88C
:1033E0005B001CBD942700207B311C3FC2000020E5
:1033F000F0EE400AF5EEC00AF1EE10FA02DBB0EE94
:10340000600A7047B1EE600AFBE700B5B0EE403AE3
:10341000B0EE602AB5EEC03AF1EE10FA07D1B5EE83
:10342000C02AF1EE10FA02D19FEDFC1A99E0B0EE3D
:10343000430AFFF7DDFFF0EE403AB0EE420AFFF735
:10344000D7FFF0EE402AF4EEE23AF1EE10FA02D2A3
:1034500083EEA24A01E082EEA34A9FEDF10AB4EEA8
:10346000C04AF1EE10FA02D2F0EE441A2DE0DFED80
:10347000ED0AB6EE000A14EE200AF0EE404ABDEE68
:10348000E40A10EE100A00EE100AB8EEC00A34EE9C
:10349000C00AF0EE404AE44901EB800191ED000AD8
:1034A000F0EE401AE04A411C02EB810191ED000A66
:1034B000114601EB8001D1ED000A70EE600AB0EE1A
:1034C000610A00EEA40AF0EE401AF4EEE32AF1EEEF
:1034D00010FA20DDB5EEC02AF1EE10FA0ADBB5EEE7
:1034E000C03AF1EE10FA02DBB0EE611A39E0B1EE4B
:1034F000611A36E09FEDCD1AB5EEC03AF1EE10FA42
:1035000004DB31EE610AB0EE401A2AE031EEC10A66
:10351000B0EE401A25E0B5EEC03AF1EE10FA10DB3D
:103520009FEDC31AB5EEC02AF1EE10FA04DB31EEBE
:10353000610AB0EE401A14E031EE210AB0EE401AF2
:103540000FE09FEDBC1AB5EEC02AF1EE10FA04DBD5
:1035500031EE210AB0EE401A03E031EE610AB0EE1E
:10356000401AB0EE410A00BD00B5B0EE405AF0EE90
:10357000605AF0EE450AB0EE650AFFF746FF00BD5F
:10358000F0EE400AF6EE001A60EEA11AB0EE611AF3
:10359000B0EE600A10EE100AA749A1EB600000EE41
:1035A000100A21EE002AF7EE081A42EE401A61EEE8
:1035B000801AB0EE610A21EE002AF7EE081A42EEF8
:1035C000401A61EE801AB0EE610A704700B5F0EE65
:1035D000402AB0EE620AFFF7D3FF20EE220A00BDB8
:1035E00010B52DED0A8BB0EE409AF0EE609A9FED8B
:1035F000930B53EC102B51EC190B0DF00DFF18D25F
:103600009FED900B53EC102B51EC190B0DF036FE87
:1036100041EC1B0B9FED8D0B53EC102B0DF087FD38
:1036200041EC1A0B53EC192B0DF028FE41EC180B52
:1036300017E09FED840B53EC102B51EC190B0DF0A0
:103640001DFE41EC1B0B9FED810B53EC102B0DF07D
:1036500012FE41EC1A0B53EC192B0DF00FFE41EC4E
:10366000180B9FED760B53EC102B51EC180B0DF053
:10367000D3FE20D29FED770B53EC102B51EC180B9F
:103680000DF055FD41EC1C0B9FED740B53EC102B12
:103690000DF0F4FD41EC1B0B9FED6E0B53EC102B6A
:1036A0000DF045FD41EC1A0B53EC182B0DF0E6FD27
:1036B00041EC180B1FE09FED670B53EC102B51EC06
:1036C000180B0DF0D5FD41EC1C0B9FED660B53EC78
:1036D000102B0DF0D3FD41EC1B0B9FED5E0B53EC5B
:1036E000102B0DF024FD41EC1A0B53EC182B0DF0B0
:1036F000C5FD41EC180BB0EE480AF0EE680ABDECCF
:103700000A8B10BD10B52DED068BB0EE408AF0EEA1
:10371000608A01249FED550B53EC102B51EC180BD4
:103720000DF092FE0AD89FED510B53EC102B51EC8B
:10373000180B0DF09DFD41EC180BA41E20460DF05A
:1037400025FE41EC190BB0EE480AF0EE680AFFF7CF
:1037500047FFB0EE40AAF0EE60AA53EC192B51ECF3
:103760001A0B0DF08BFD41EC100BBDEC068B10BD60
:1037700010B52DED088BB0EE408AF0EE608A012482
:103780009FED3C0B53EC102B51EC180B0DF0CFFCC4
:1037900041EC180B9FED350B53EC102B51EC180B33
:1037A0000DF052FE0AD8A41E9FED300B53EC102BE7
:1037B00051EC180B0DF05CFD41EC180B20460DF0A0
:1037C000E5FD41EC1A0BB0EE480AF0EE680AFFF78F
:1037D00099FFB0EE40BAF0EE60BA53EC1A2B51EC00
:1037E0001B0B0DF04BFD41EC190B0DF045FE00EEEF
:1037F000100ABDEC088B10BDF0EE401AF4EEE01A92
:10380000F1EE10FA3ADD31EEC10AB4EEE00AF1EE63
:1038100010FA3CD2B0EE600A39E00000000000006F
:103820008180803B00008043A4190108DB0F4940E0
:10383000DB0FC93FDB0FC9BFDF59375F0000000056
:1038400000000000000000602FF0D93F0000006081
:10385000305FF43F000000000000F03F000000C0B7
:10386000CCCCCCBF000000C0CCCCCC3FF1D4C853F2
:10387000FB210940F1D4C853FB21F93F31EE810A05
:10388000B4EEE00AF1EE10FA01DDB0EE600A704726
:10389000F0EE401AB1EE412A32EE202AB4EEE12ACF
:1038A000F1EE10FA09D231EE202AB4EEE12AF1EE5F
:1038B00010FA02DDB0EE600A01E0B0EE610A704776
:1038C000F0EE402AB5EEC01AF1EE10FA02DDB0EECD
:1038D000410A01E0B1EE410AB6EE003A22EE033AA7
:1038E00023EE213AB4EEC30AF1EE10FA06D29FEDB0
:1038F000D40A20EE800AF0EE400A4DE0B5EEC01A80
:10390000F1EE10FA02DDB0EE410A01E0B1EE410A3B
:1039100022EE213AB4EEC30AF1EE10FA06D29FED80
:10392000C90A20EE800AF0EE400A35E0B5EEC01A72
:10393000F1EE10FA02DDB0EE410A01E0B1EE410A0B
:10394000B4EEE10AF1EE10FA06D2B6EE000A20EE6D
:10395000800AF0EE400A1FE0B5EEC01AF1EE10FA50
:1039600002DDB0EE410A01E0B1EE410AB0EE003AEC
:1039700021EE833AB4EEC30AF1EE10FA06D29FEDBF
:10398000B20A20EE800AF0EE400A05E09FEDAF0A91
:1039900020EE800AF0EE400A9FEDAD0A20EE800A8C
:1039A00020EE223AF7EE003A83EE830AB7EE003AB1
:1039B00030EE030AF7EE003A83EE803A90ED000A0B
:1039C00071EE403A90ED000A03EE230A80ED000A02
:1039D00090ED000AB1EE423A23EE213AB4EEC30A6A
:1039E000F1EE10FA04D8B1EE420A20EE210A0DE001
:1039F00090ED000A22EE213AB4EEC30AF1EE10FA7D
:103A000002DD22EE210A01E090ED000A80ED000ABD
:103A100090ED000A31EE400A704710B52DED028B93
:103A2000B0EE408AF0EE608A9FED8A0B53EC102BCB
:103A300051EC180B0DF008FD0CD29FED880B53ECE8
:103A4000102B51EC180B0DF013FC41EC100BBDECDE
:103A5000028B10BD9FED830B53EC102B51EC180B18
:103A60000DF0DAFC0AD29FED7D0B53EC102B51ECDC
:103A7000180B0DF05CFB41EC100BE8E7B0EE480AC8
:103A8000F0EE680AE3E730B505460C46F0EE403A42
:103A9000D5ED000A60EEA00A94ED001AD4ED001AEC
:103AA00041EE210AB0EE600AFFF790FDB0EE403A19
:103AB000B5EEC03AF1EE10FA02D81FEDA80A09E0FF
:103AC000B4EEE33AF1EE10FA02DDB0EE630A01E083
:103AD000B0EE430AB0EE404AB5EEC03AF1EE10FA4D
:103AE00006D11FEDB20A83ED000A82ED000A0FE055
:103AF00084EE030AD5ED000A20EE200A82ED000ACA
:103B000084EE030AD4ED000A20EE200A83ED000AB9
:103B100030BDF0EE400A0B7802EB8303C3ED000AE0
:103B20000B785B1C0B700B78834201DB00230B705E
:103B30000B7802EB830393ED000A704700B5024651
:103B4000B0EE403A0B46F7EE000A43EE430AB0EE01
:103B5000600AFFF73BFDD2ED000A20EE200AD2ED0D
:103B6000010A00EEC30A83ED000AF7EE000A43EEF5
:103B7000430AB0EE600AFFF729FDD2ED010A20EEFC
:103B8000200AD2ED000A00EE830A83ED010A00BD8F
:103B900090ED000AD1ED010A20EE200AD0ED010AD5
:103BA00091ED001A00EEC10A704790ED000AD1EDC8
:103BB000000A20EE200AD0ED010A91ED011A00EE74
:103BC000810A704790ED010AD1ED020A20EE200A29
:103BD000D0ED020A91ED011A00EEC10A82ED000A51
:103BE00090ED020AD1ED000A20EE200AD0ED000A85
:103BF00091ED021A00EEC10A82ED010A90ED000A71
:103C0000D1ED010A20EE200AD0ED010A91ED001A53
:103C100000EEC10A82ED020A704790ED000AD1ED74
:103C2000000A20EE200AD0ED010A91ED011A00EE03
:103C3000810AD0ED020A91ED021A00EE810A704766
:103C40009A99993FCDCC4C3FCDCC4C3ECDCCCC3D80
:103C5000C3F5C8400000000000806640000000007E
:103C60000080764000000000008066C008B57848FB
:103C7000D0ED000A9FED771AF4EEC10AF1EE10FACA
:103C80000BD2D0ED000AB7EE001A70EE810AC0ED3B
:103C9000000A01207049887002E000206E49887097
:103CA0006B48D0ED010A9FED6B1AF4EEC10AF1EEFC
:103CB00010FA0BD2D0ED010AB7EE001A70EE810AAD
:103CC000C0ED010A01208DF8000002E000208DF80F
:103CD00000005F48D0ED020A9FED5E1AF4EEC10AC3
:103CE000F1EE10FA0BD2D0ED020AB7EE001A70EE28
:103CF000810AC0ED020A01208DF8010002E00020D7
:103D00008DF801009DF8000030B19DF8010018B158
:103D100001205149C87002E000204F49C87008BD19
:103D200010B50246C87801284CD0042858D0342851
:103D30003AD0512837D18B795BB9CB79464C637136
:103D40000B7A5BB2A3714B7A5BB2E3718B7A23710E
:103D500029E08B79012B12D1CB793F4C23720B894F
:103D600063814B89A3810B7B23719FED3C0A384B08
:103D700083ED010A23461B785B1C237013E08B79CB
:103D8000022B10D1CB79344CA3730B8923824B893E
:103D900063828B89A382CB89E3820B8A23834B8A3C
:103DA00063830B7D237150E0D1F809302A4CE36125
:103DB0009FED2A0A264B83ED020A23465B785B1CA3
:103DC000637042E0CB88244C23860B8963864B8941
:103DD000A3868B89E386CB8923870B8A638734E0AC
:103DE000B1F9063000EE103AB8EEC00ADFED1C0A59
:103DF00020EE200A184B83ED080AB1F9083000EED6
:103E0000103AB8EEC00ADFED160A20EE200A124B77
:103E100083ED090AB1F90A3000EE103AB8EEC00A93
:103E2000DFED0F0A20EE200A0B4B83ED0A0AB1F9F1
:103E30000C3000EE103AB8EEC00ADFED090A20EEB1
:103E4000200A054B83ED0B0A00BF00BF10BD000028
:103E5000782800200000FA433C28002000000000E1
:103E600017B7D13870B50546FC480078002870D0E7
:103E70000020FA490870FA48FA49086008460068C4
:103E8000007DF9494876F7480068C17DF64881769B
:103E9000F44800688169F448C0F81B10F1480068D4
:103EA000C169F148C0F81F10EE480068406A0A2155
:103EB00090FBF1F1EC48C0F82310EA480068006B71
:103EC0000A2190FBF1F001B2E748A0F82710E5487D
:103ED0000068406B0A2190FBF1F001B2E248A0F8C3
:103EE0002910E0480068806B0A2190FBF1F001B2D4
:103EF000DD48A0F82B10DB480068B0F84C0000EE5D
:103F0000100AB8EE400ADFEDD90A20EE200ABCEE16
:103F1000C00A10EE104A0CB9002004E0C82C01D9E8
:103F2000C82000E020460446CF4880F82D40CD4808
:103F30000068406C00EE100AB8EE400ADFEDCB0AD4
:103F400020EE200ABCEEC00A10EE104A14B9002080
:103F500005E027E0C82C01D9C82000E0204604462F
:103F6000C14880F82E40BF480068C06A00EE100AC1
:103F7000B8EE400ADFEDBD0A20EE200ABCEEC00A12
:103F800010EE104A0CB9002004E0C82C01D9C8205A
:103F900000E020460446B44880F82F403020FCF76B
:103FA000C2FA00BFB248007828B30021B04B1970A4
:103FB000AB49891F0979AA4B9B1F5B7901EB032150
:103FC00088B2A0F108010C2391FBF3F1CAB2A0F171
:103FD000080191FBF3F403FB141159B9082809DB1C
:103FE0009F49891FCB7A002101E000BF491C914203
:103FF000FBDB00BF00BF70BD10B50E219D4801F076
:104000007AF910BD10B50E219B4801F074F910BD6E
:1040100010B54FF4E13001F007F90A2000F011FD6E
:104020001621964801F067F9C82000F00AFD4FF408
:10403000165001F0F9F80A2000F003FD1C21904809
:1040400001F059F9C82000F0FCFC4FF4964001F053
:10405000EBF80A2000F0F5FC1C21894801F04BF92F
:10406000C82000F0EEFC4FF4164001F0DDF80A2005
:1040700000F0E7FC1C21824801F03DF9C82000F067
:10408000E0FC4FF4E13001F0CFF80A2000F0D9FC59
:104090001C217B4801F02FF9C82000F0D2FC4FF41E
:1040A000612001F0C1F84FF4487000F0CAFC0B2108
:1040B000744801F020F9142000F0C3FC0B21724871
:1040C00001F019F9142000F0BCFC0B216F4801F03D
:1040D00012F9142000F0B5FC0B216D4801F00BF92A
:1040E000142000F0AEFC0B216A4801F004F9142002
:1040F00000F0A7FC0B21684801F0FDF8142000F047
:10410000A0FC0B21654801F0F6F8142000F099FCA2
:104110001021634801F0EFF8142000F092FCFFF743
:104120006BFF10BD30B504465E48008850B9B52914
:1041300008D14B48801F5B4A128881540120594A9C
:10414000108018E15748008801280AD1622908D157
:104150004348801F534A128881540220514A1080DC
:1041600009E15048008802280FD13D48801F4D4A80
:104170001288815403204B4A10804B48017000780C
:104180000128DED000201080F5E046480088032892
:1041900017D13348801F434A128881540420414A72
:1041A00010804248017000780728CAD03F48007844
:1041B0003528C6D03D4800783028C2D00020108075
:1041C000D9E03848008804280AD12548801F354A9C
:1041D000128881540520334A108035480170CAE0A6
:1041E0003048008805286BD11D48801F2D4A128851
:1041F000815406202B4A10802D48007800EB0120C6
:104200002C4A10802948007807280ED110460088D3
:10421000642802DD0020234A10801048007800281E
:104220008FD000201F4A1080A5E020480078352854
:1042300003D01E48007830283ED11E480088B0F5D3
:10424000FA7F02DD0020174A108009480078002814
:1042500002D00020134A10808DE031E0C800002019
:104260008A280020C4000020980500200AD7233C9B
:10427000C9000020CA000020D80000209C010020B6
:104280001E0100204F0100205A010020650100207E
:10429000700100207B010020860100209101002098
:1042A000B2010020CA010020C2010020C301002089
:1042B000C4010020C601002000202F4A10805AE0CF
:1042C0002D480088062853DB2C482B4A128881543D
:1042D00029480088401C284A108010460288284837
:1042E00000880830824246DB00200023022206E0DC
:1042F000224DAD5C0544E8B21D18EBB2521C204DB6
:104300002D88AD1DAA42F3DB1C4D1D4A1288921D5B
:10431000AA5C824228D11A4A1288D21DAA5C9A420B
:1043200022D1184A1278012A07D1174A1278072A8F
:1043300003D10122154D2A7016E0124A1278012A83
:1043400007D1114A1278352A03D10122104D2A7063
:104350000AE00C4A1278012A06D10B4A1278302A58
:1043600002D101220A4D2A700022034D2A8002E068
:104370000020014A108030BDCA010020842800209E
:10438000C6010020C2010020C3010020C800002097
:10439000C900002008B5C748D0ED000A9FEDC61A35
:1043A000F4EEC10AF1EE10FA0BD2D0ED000AB7EE2E
:1043B000001A70EE810AC0ED000A0120BF49887022
:1043C00002E00020BD498870BA48D0ED010A9FED97
:1043D000BA1AF4EEC10AF1EE10FA0BD2D0ED010ACE
:1043E000B7EE001A70EE810AC0ED010A01208DF8C7
:1043F000000002E000208DF80000AE48D0ED020A77
:104400009FEDAD1AF4EEC10AF1EE10FA0BD2D0ED29
:10441000020AB7EE001A70EE810AC0ED020A01200E
:104420008DF8010002E000208DF801009DF80000E9
:1044300030B19DF8010018B10120A049C87002E018
:1044400000209E49C87008BD30B500220024C57800
:104450008B1F9D4200D030BD002306E0C55C154493
:10446000EAB2A518ECB25D1CEBB28D1E9D42F5DCE4
:10447000431813F8023C934204D1431813F8013C4B
:10448000A34200D0E7E78378512B38D103795BB999
:1044900043798A4D6B7183795BB2AB71C3795BB23F
:1044A000EB71037A2B7183E00379012B12D14379ED
:1044B000824D2B72C3886B810389AB81837A2B7108
:1044C0009FED7F0A7B4B83ED010A2B461B785B1C1B
:1044D0002B706DE00379022B6AD14379774DAB7372
:1044E000C3882B8203896B824389AB828389EB82E9
:1044F000C3892B83038A6B83837C2B7158E0837879
:10450000342B0DD1D0F807306C4DEB619FED6C0A68
:10451000684B83ED020A2B465B785B1C6B7047E0AF
:104520008378012B0DD18388644D2B86C3886B86DD
:104530000389AB864389EB8683892B87C3896B8785
:1045400036E08378042B33D1B0F9043000EE103A12
:10455000B8EEC00ADFED5B0A20EE200A574B83ED70
:10456000080AB0F9063000EE103AB8EEC00ADFEDE6
:10457000550A20EE200A514B83ED090AB0F90830A4
:1045800000EE103AB8EEC00ADFED4E0A20EE200A27
:104590004A4B83ED0A0AB0F90A3000EE103AB8EE41
:1045A000C00ADFED480A20EE200A444B83ED0B0AD7
:1045B00000BF50E770B505460C464348007838B94F
:1045C000AA2C05D1012040490870404804706FE0D2
:1045D0003D480078012809D1DB2C01D0FF2C05D102
:1045E0000220394908703948447061E03648007843
:1045F000022805D10320344908703448847057E0FC
:104600003148007803280CD12D2C0ADA04202E49D9
:1046100008702E48C4702E48047000202D49087080
:1046200046E029480078042819D129480078002854
:1046300015DD27480078401E254908702548007878
:1046400024490978491C234A1170001D1F490C5444
:104650001F48007840BB05201B49087028E01A4815
:10466000007805280DD106201749087019480078F0
:1046700018490978491C174A1170001D13490C5438
:1046800016E01148007806280FD100200E49087066
:1046900010480078001D0D490C540E480078401D4C
:1046A000C1B20A48FFF7D0FE02E0002006490870B8
:1046B00070BD0000782A00200000FA433C2800204A
:1046C0000000000017B7D138CE010020842A002056
:1046D000CC010020CD01002038B504460020009018
:1046E0006B4602222146452002F027FB9DF801007F
:1046F0009DF8001000EB012085B2284638BD38B582
:1047000005460C46200A8DF80000E0B28DF8010045
:104710006B4602222946452002F0E2FA38BD10B568
:104720004FF400410020FFF7EAFF142000F089F960
:1047300010BD10B52DED068B82B00020019001ABAD
:1047400003220421452002F0F8FA9DF80400000439
:104750009DF8051040EA01209DF8061040EA01048A
:10476000C4F3130444F30F1008EE100AB8EEC80A9D
:1047700010EE100A0CF03CFE41EC1A0B9FED4B0BB7
:1047800053EC102B0CF07AFD41EC190B0CF074FE7D
:1047900000EE100A02B0BDEC068B10BD10B52DED79
:1047A000048B0520FFF798FF044620460CF0FFFD20
:1047B00041EC190B9FED3F0B53EC102B0CF05EFD01
:1047C00041EC180B0CF058FE00EE100ABDEC048B07
:1047D00010BD9FED3A0A704710B52DED068B0820ED
:1047E000FFF77AFF044620460CF0E1FD41EC1A0B7E
:1047F0009FED330B53EC102B0CF040FD41EC190BEB
:104800009FED310B53EC102B0CF038FD41EC180BE5
:104810000CF032FE00EE100ABDEC068B10BD70B538
:104820002DED028B02F0E9F83F20FFF755FF04461B
:10483000B4F50A5F03DB42F28F20844202DDBDEC57
:10484000028B70BDFFF76BFF0120FFF745FF0646A7
:104850004FF66B310120FFF752FF0120FFF73CFFBD
:1048600006469FED1B8ADFED1B8A9FED1B0A28EE93
:10487000000A20EE280ABCEEC00A10EE100A85B22B
:1048800029460220FFF73BFF01201449087000BFB2
:10489000D5E700B51148007800B900BDFFF799FFD2
:1048A0000F4880ED000A00BFF7E70000F168E388D9
:1048B000B5F8943E9A9999999999293F000000007A
:1048C000FCA9F1D24D62503F9A9999999999094062
:1048D000CDCCCC3917B7513900504350D00100200E
:1048E000D4010020704700BFFEE700BFFEE700BF15
:1048F000FEE77047704710B5802004F005FF10B147
:10490000802004F054FF10BD10B501F00DFB10BD68
:10491000704710B50121154808F06BFF28B101213F
:10492000124808F0C3FFFCF7CBFA10BD10B500F039
:1049300005FA10BD10B500F006FB10BD10B500F073
:1049400030FC10BD10B500F027FD10BD10B500F013
:1049500045FE10BD10B500F039FF10BD10B501F0D7
:1049600053F810BD10B501F05BFB10BD0014004002
:104970007FB5684605F0D2FE4FF47A710198B0FB1E
:10498000F1F4E4082146481EB0F1807F00D31BE01B
:10499000481E4FF0E022506150170F22002807DA1E
:1049A00013071E0E484B00F00F052D1F5E5503E048
:1049B00013071D0E454B1D5400BF00204FF0E02291
:1049C00090610720106100BF6FF0040002F0CCFB83
:1049D0007FBD3F48D0E900305A1C40F100003C49FF
:1049E000C1E9002070473A480068704710B500BF21
:1049F000374A11684FF0E02252694FF0E0239B697B
:104A0000D21A4FF47A735A434FF0E0235B69B2FB3A
:104A1000F3F201EB4103C3EBC11302EBC3002C4CD7
:104A200018CC4B402343E3D110BD30B50446FFF70B
:104A3000DDFF054600BFFFF7D9FF401BA042FAD3B8
:104A400030BD10B5044603E04FF47A70FFF7EDFF78
:104A5000201EA4F10104F7D110BD10B54FF4806001
:104A600002F0D0FAFFF784FF10BD1CB5684605F0D0
:104A700011F80121082006F03AF801208DF8040011
:104A80008DF8070000208DF8060002208DF8050043
:104A90008002009069460F4804F04CFF4FF400611B
:104AA0000C4805F0A9F91CBD10B504462CB14FF413
:104AB0000061084805F06CF904E04FF40061054816
:104AC00005F09AF910BD000018ED00E000E400E0E8
:104AD000D8010020000C02401CB5684604F0DAFF43
:104AE0000121102006F003F801208DF804008DF854
:104AF000070000208DF8060002208DF805008003D5
:104B000000906946044804F015FF4FF40041024844
:104B100005F072F91CBD0000001002403EB50446CD
:104B20000121202006F058F81E4806F0BBFA019437
:104B30005320ADF800000020ADF80800ADF80200E9
:104B40006946184806F08AFB0121164808F01BFE4A
:104B500001221146134808F00DFD0121114806F00D
:104B6000EEFE0021202006F037F83EBD08B53720C4
:104B70008DF8000007208DF8010001208DF802005B
:104B80008DF80300684602F058FA08BD10B54FF4DE
:104B90007A70FFF7C3FFFFF7E9FF0121202006F03D
:104BA0001BF810BD00140040704710B58AB00446D1
:104BB0000121102006F037F80121084605F097FF83
:104BC00025208DF8240003208DF8250000208DF885
:104BD000260001208DF8270009A802F02EFA0722EE
:104BE0000921FA4805F0FDF907220A21F74805F0E6
:104BF000F8F94FF40070079002208DF820008DF82E
:104C0000210000208DF8220001208DF8230007A943
:104C1000EE4804F08FFE4FF48060079002208DF87C
:104C200020008DF8210001208DF8220000208DF851
:104C3000230007A9E54804F07DFE03A809F0A8FCBD
:104C4000E34809F025FB03940020ADF81000ADF80F
:104C50001200ADF81400ADF818000C20ADF81600E5
:104C60000020ADF80400ADF806004FF40070ADF878
:104C700008000020ADF80A0003A9D54809F092FB0E
:104C800001A9D34809F090FC012240F22551D048F7
:104C90000AF007F90121CE4809F0DFFC0AB010BD87
:104CA00070B505460E46002411E02A5DC949088802
:104CB000411CC84B1980C8490A5418460088B0F5F1
:104CC000006F02DB002019460880601CC4B2B442A9
:104CD000EBDBBF48808900F0800028B9012240F258
:104CE0002771BB480AF0DDF870BDBC4A11884A1C28
:104CF000BA4B1A80BA4A505419460988FF2902DD76
:104D000000211A461180704710B510E0B54804889C
:104D1000601CB44A1080B248015D0120FCF78DF997
:104D2000B0480088FF2802DD0020AE490880AB486B
:104D30000088AC4909888842E8D110BD10B5A44864
:104D4000008800F0080010B1A1488088C4B240F289
:104D500025519F480AF0F7F950B140F225519C487F
:104D60000AF088FA9A488088C4B22046FFF7BDFF4F
:104D700040F2277196480AF0E6F9E0B19A490888AE
:104D8000411C994A11809449095C914A9180964846
:104D90000088B0F5006F02DB00209349088092483C
:104DA00000888C490988884205D18948808920F08B
:104DB00080008749888110BD10B58AB00446012162
:104DC000480405F009FF0121082005F090FE262087
:104DD0008DF8240004208DF8250001208DF8260090
:104DE0008DF8270009A802F028F9072205217F483D
:104DF00005F0F7F8072206217C4805F0F2F820209C
:104E0000079002208DF820008DF8210000208DF8F9
:104E1000220001208DF8230007A9744804F08AFDC0
:104E20004020079002208DF820008DF821000120FD
:104E30008DF8220002208DF8230007A96B4804F0AA
:104E400079FD03A809F0A4FB694809F021FA03944D
:104E50000020ADF81000ADF81200ADF81400ADF868
:104E600018000C20ADF816000020ADF80400ADF8D5
:104E700006004FF40070ADF808000020ADF80A00FD
:104E800003A95B4809F08EFA01A9594809F08CFB87
:104E9000012240F2255156480AF003F801215448F6
:104EA00009F0DBFB0AB010BD70B505460E460024C4
:104EB00011E02A5D4F490888411C4E4B19804E492C
:104EC0000A5418460088B0F5006F02DB002019462E
:104ED0000880601CC4B2B442EBDB45480C3000884B
:104EE00000F0800028B9012240F22771404809F003
:104EF000D8FF70BD414A11884A1C404B1A80404A75
:104F0000505419460988FF2902DD00211A461180F4
:104F1000704710B510E03B480488601C394A108087
:104F20003748015D0220FCF788F836480088FF28E2
:104F300002DD002033490880304800883149098863
:104F40008842E8D110BD10B52948008800F008005B
:104F500018B12748001D0088C4B240F225512448EA
:104F60000AF0F1F858B140F2255121480AF082F9CF
:104F70001F48001D0088C4B22046FFF7BBFF40F267
:104F800027711B480AF0DFF8F8B11F490888411C57
:104F90001D4A11801849095C154A121D11801A48D2
:104FA0000088B0F5006F02DB002017490880164822
:104FB000008810490988884207D10D480C300088C4
:104FC00020F080000A490C31088010BD000002402A
:104FD00000100140E0010020B62A0020E40100207A
:104FE000B6320020E6010020E2010020000C024061
:104FF00000440040E8010020B6330020EC0100200E
:10500000B63B0020EE010020EA01002010B58AB076
:1050100004460121880405F0DFFD0121082005F088
:1050200066FD27208DF8240004208DF8250001203E
:105030008DF826008DF8270009A801F0FEFF072251
:105040000821F74804F0CDFF07220921F44804F0B5
:10505000C8FF4FF48070079002208DF820008DF873
:10506000210000208DF8220001208DF8230007A9DF
:10507000EB4804F05FFC4FF40070079002208DF8BD
:1050800020008DF8210001208DF8220000208DF8ED
:10509000230007A9E24804F04DFC03A809F078FAC0
:1050A000E04809F0F5F803940020ADF81000ADF8E1
:1050B0001200ADF81400ADF818000C20ADF8160081
:1050C0000020ADF80400ADF806004FF40070ADF814
:1050D00008000020ADF80A0003A9D24809F062F9DF
:1050E00001A9D04809F060FA012240F22551CD48CB
:1050F00009F0D7FE0121CB4809F0AFFA0AB010BD84
:1051000070B505460E46002411E0295DC6480288A8
:105110000088401CC44B1880C4488154184600883D
:10512000FF2802DD002019460880601CC4B2B4428A
:10513000EBDBBC480C30008800F0800028B901226D
:1051400040F22771B74809F0ACFE70BDB8490A8833
:105150000988491CB64B1980B649885419460988F4
:10516000FF2902DD00211A461180704710B511E0B9
:10517000B14802880088401CAF4B1880AD48815C64
:105180000420FBF75AFFAC480088FF2802DD00200E
:10519000A9490880A6480088A74909888842E7D11C
:1051A00010BD10B59F48008800F0080018B19D4858
:1051B000001D0088C4B240F225519A4809F0C3FF8F
:1051C00058B140F2255197480AF054F89548001D0F
:1051D0000088C4B22046FFF7B9FF40F2277191481A
:1051E00009F0B1FFF8B1954801880088401C934A46
:1051F00010808E48405C8B49091D0880104600884D
:10520000FF2802DD0020114608808C48008886496E
:105210000988884207D183480C30008820F080003C
:1052200080490C31088010BD10B588B004460121BA
:10523000C80405F0D1FC0121084605F058FC3420D3
:105240008DF81C0003208DF81D0001208DF81E0034
:105250008DF81F0007A801F0F0FE08220021784811
:1052600004F0BFFE08220121754804F0BAFE0120B7
:10527000059002208DF818008DF8190000208DF897
:105280001A0001208DF81B0005A96D4804F052FB9F
:10529000022005908DF818008DF8190001208DF876
:1052A0001A0000208DF81B0005A9654804F042FB98
:1052B00001A809F06DF9634808F0EAFF01940020A5
:1052C000ADF80800ADF80A00ADF80C00ADF810001C
:1052D0000C20ADF80E0001A95A4809F063F801222C
:1052E00040F22551574809F0DCFD0121554809F0ED
:1052F000B4F908B010BD70B505460E46002411E0A3
:10530000295D514802880088401C4F4B18804F4847
:10531000815418460088FF2802DD002019460880C5
:10532000601CC4B2B442EBDB46480C30008800F08D
:10533000800028B9012240F22771424809F0B1FDEE
:1053400070BD43490A880988491C414B198041496D
:10535000885419460988FF2902DD00211A46118068
:10536000704710B511E03C4802880088401C3A4B59
:1053700018803848815C0820FEF7D4FE3648008843
:10538000FF2802DD00203449088031480088324976
:1053900009888842E7D110BD10B52A48008800F07E
:1053A000080018B12748001D0088C4B240F22551FA
:1053B000244809F0C8FE58B140F22551214809F0AF
:1053C00059FF2048001D0088C4B22046FFF7B9FFEE
:1053D00040F227711B4809F0B6FEF8B11F4801885A
:1053E0000088401C1D4A10801848405C1549091D62
:1053F000088010460088FF2802DD00201146088042
:105400001648008810490988884207D10D480C3099
:10541000008820F080000B490C31088010BD00008E
:10542000000C024000480040F0010020B63C002083
:10543000F4010020B63D0020F6010020F20100201A
:1054400000000240004C0040F8010020B63E002061
:10545000FC010020B63F0020FE010020FA010020E0
:1054600010B588B004460121080505F0B5FB0121FF
:10547000042005F03CFB0121082005F038FB352015
:105480008DF81C0001208DF81D0000208DF81E00F5
:1054900001208DF81F0007A801F0CFFD08220C2184
:1054A000FE4804F09EFD08220221FD4804F099FD0B
:1054B0004FF48050059002208DF818008DF81900E7
:1054C00000208DF81A0001208DF81B0005A9F34873
:1054D00004F030FA0420059002208DF818008DF8B1
:1054E000190001208DF81A0000208DF81B0005A975
:1054F000EB4804F01FFA01A809F04AF8E94808F05F
:10550000C7FE01940020ADF80800ADF80A00ADF820
:105510000C00ADF810000C20ADF80E0001A9E14818
:1055200008F040FF012240F22551DE4809F0B9FCA5
:105530000121DC4809F091F808B010BD70B50546AE
:105540000E46002411E0295DD74802880088401CDF
:10555000D54B1880D548815418460088FF2802DDB5
:10556000002019460880601CC4B2B442EBDBCD4871
:10557000808900F0800028B9012240F22771C948D3
:1055800009F08FFC70BDCA490A880988491CC84BBC
:105590001980C849885419460988FF2902DD00216D
:1055A0001A461180704710B511E0C3480288008880
:1055B000401CC14B1880BF48815C1020FEF7FAFFE9
:1055C000BD480088FF2802DD0020BB490880B8489C
:1055D0000088B94909888842E7D110BD10B5B148A3
:1055E000008800F0080010B1AE488088C4B240F2D4
:1055F0002551AC4809F0A7FD50B140F22551A9480A
:1056000009F038FEA7488088C4B22046FFF7BBFFE8
:1056100040F22771A34809F096FDE0B1A748018840
:105620000088401CA54A1080A048405C9D498880A5
:1056300010460088FF2802DD0020114608809F48A0
:10564000008899490988884205D19648808920F0C8
:1056500080009449888110BD10B588B004460121AE
:10566000880705F0B9FA0121102005F040FA522010
:105670008DF81C0004208DF81D0001208DF81E00FF
:105680008DF81F0007A801F0D8FC082211468C48AD
:1056900004F0A7FC08220721894804F0A2FC4FF47B
:1056A0008070059002208DF818008DF819000020F8
:1056B0008DF81A0001208DF81B0005A9804804F020
:1056C00039F98020059002208DF818008DF8190016
:1056D00001208DF81A0000208DF81B0005A97848DC
:1056E00004F028F901A808F053FF764808F0D0FD2F
:1056F00001940020ADF80800ADF80A00ADF80C00E8
:10570000ADF810000C20ADF80E0001A96D4808F0AE
:1057100049FE012240F225516A4809F0C2FB0121ED
:10572000684808F09AFF08B010BD70B505460E46EF
:10573000002411E0295D644802880088401C624B07
:1057400018806248815418460088FF2802DD002036
:1057500019460880601CC4B2B442EBDB59480C30D7
:10576000008800F0800028B9012240F227715548D6
:1057700009F097FB70BD56490A880988491C544BAB
:1057800019805449885419460988FF2902DD0021EF
:105790001A461180704710B511E04F480288008802
:1057A000401C4D4B18804B48815C202000F06AFC67
:1057B00049480088FF2802DD002047490880444806
:1057C0000088454909888842E7D110BD10B53D4899
:1057D000008800F0080018B13A48001D0088C4B2E3
:1057E00040F22551374809F0AEFC58B140F225513E
:1057F000344809F03FFD3348001D0088C4B22046FC
:10580000FFF7B9FF40F227712E4809F09CFCF8B170
:10581000324801880088401C304A10802B48405C88
:105820002849091D088010460088FF2802DD002055
:10583000114608802948008823490988884207D1F1
:1058400020480C30008820F080001E490C31088070
:1058500010BD10B588B004460121C80705F0BCF999
:105860000121102005F043F953208DF81C0004207D
:105870008DF81D0001208DF81E008DF81F0007A86F
:1058800001F0DBFB082201210D4804F0AAFB0822ED
:1058900000210B4804F0A5FB022021E00008024093
:1058A000000C02400050004000020020B6400020E2
:1058B00004020020B641002006020020020200205F
:1058C000001002400078004008020020B64200208C
:1058D0000C020020B64300200E0200200A02002025
:1058E00005908DF818008DF8190000208DF81A0029
:1058F00001208DF81B0005A96D4804F01BF801205C
:10590000059002208DF818008DF8190001208DF8FF
:105910001A0000208DF81B0005A9654804F00AF85C
:1059200001A808F035FE634808F0B2FC019400209D
:10593000ADF80800ADF80A00ADF80C00ADF81000A5
:105940000C20ADF80E0001A95A4808F02BFD0122E9
:1059500040F22551574809F0A4FA0121554808F0B2
:105960007CFE08B010BD70B505460E46002411E05F
:10597000295D514802880088401C4F4B18804F48D1
:10598000815418460088FF2802DD0020194608804F
:10599000601CC4B2B442EBDB46480C30008800F017
:1059A000800028B9012240F22771424809F079FAB3
:1059B00070BD43490A880988491C414B19804149F7
:1059C000885419460988FF2902DD00211A461180F2
:1059D000704710B511E03C4802880088401C3A4BE3
:1059E00018803848815C4020FBF727FB3648008848
:1059F000FF2802DD00203449088031480088324900
:105A000009888842E7D110BD10B52A48008800F007
:105A1000080018B12748001D0088C4B240F2255183
:105A2000244809F090FB58B140F22551214809F073
:105A300021FC2048001D0088C4B22046FFF7B9FFB2
:105A400040F227711B4809F07EFBF8B11F4801881E
:105A50000088401C1D4A10801848405C1549091DEB
:105A6000088010460088FF2802DD002011460880CB
:105A70001648008810490988884207D10D480C3023
:105A8000008820F080000B490C31088010BD10B553
:105A9000FFF73AF9FFF73DFAFFF768FBFFF761FC04
:105AA000FFF781FDFFF777FEFFF793FF10BD0000C2
:105AB00000100240007C004010020020B64400208C
:105AC00014020020B6450020160200201202002019
:105AD00030B58BB00025DE4C01A803F0DBFF08A831
:105AE00005F047FC03A806F080FA012C01D801203C
:105AF00004E0D848844200D900E020460446012151
:105B0000082005F069F80121022005F08CF8012138
:105B1000084605F088F80121152004F0E8FF0C2064
:105B2000019002208DF8080003208DF80900002064
:105B30008DF80A0001208DF80B0001A9C64803F07A
:105B4000F9FE02221146C44804F04BFA0222032156
:105B5000C14804F046FAC14800684008B0FBF4F0C0
:105B6000401E85B242F210700990ADF8205000201E
:105B7000ADF82800ADF8220008A9B94805F06EFB81
:105B80006020ADF80C000020ADF818000120ADF841
:105B90000E004FF47A60059003A9B14806F0CCF8E6
:105BA0000821AF4806F095FC0120ADF80E004FF437
:105BB0007A60059003A9AA4806F086F90821A8484A
:105BC00006F0B3FC0121A64805F0CDFD0121A44853
:105BD00005F0B5FE4FF4D440019002208DF8080086
:105BE00003208DF8090000208DF80A0001208DF8AF
:105BF0000B0001A99B4803F09DFE01220921994851
:105C000004F0EFF901220B21964804F0EAF9012291
:105C10000D21944804F0E5F901220E21914804F089
:105C2000E0F98E480068B0FBF4F0401E85B242F205
:105C300010700990ADF820500020ADF82800ADF8A4
:105C400022008DF82A0008A9874805F007FB60208C
:105C5000ADF80C000020ADF81000ADF818000820D9
:105C6000ADF81A004001ADF81C000020ADF81E0090
:105C70000120ADF80E004FF47A60059003A97A4830
:105C800005F0A5FE0821784806F0AFFB4FF47A60D6
:105C9000059003A9744805F062FF0821724806F0D8
:105CA000E2FB4FF47A60059003A96F4806F044F8D0
:105CB00008216D4806F00DFC4FF47A60059003A9A9
:105CC000694806F001F90821674806F02EFC012119
:105CD000654807F0E0FB0121634805F044FD012120
:105CE000614805F02CFE4FF44070019002208DF8C1
:105CF000080003208DF8090000208DF80A0001201B
:105D00008DF80B0001A9594803F014FE0322082165
:105D1000564804F066F903220921544804F061F959
:105D20004E480068B0FBF4F0401E85B242F210709D
:105D30000990ADF820500020ADF82800ADF8220001
:105D40008DF82A0008A94A4805F088FA6020ADF8C5
:105D50000C000020ADF81000ADF818000820ADF8D8
:105D60001A004001ADF81C000020ADF81E004FF4F1
:105D70007A60059003A93E4805F0DEFF08213A4805
:105D800006F0A7FB4FF47A60059003A9384806F0A7
:105D90009BF80821344806F0C8FB0121344807F07D
:105DA0007AFB0121324805F0DEFC0121304805F084
:105DB000C6FD0BB030BD2F49097889B14FF47A6127
:105DC000294A51639163D1631164254A3C321160C1
:105DD000121D1160264A3C321160121D116036E01E
:105DE000B0F90010890001F57A611F4A5163B0F9DA
:105DF0000210890001F57A619163B0F904108900FD
:105E000001F57A61D163B0F90610890001F57A6174
:105E10001164B0F90810890001F57A61104A3C322A
:105E20001160B0F90A10890001F57A61121D116044
:105E3000B0F90C10890001F57A610D4A3C3211600D
:105E4000B0F90E10890001F57A61121D11607047DA
:105E500000093D0000BD0105000002405402002081
:105E6000000C004000100240000001400008024009
:105E700000040140B000002000B587B005A803F081
:105E800009FE02A807F089F90121022004F0A4FE0E
:105E90000121042004F02BFE1D208DF804000220B7
:105EA0008DF8050001208DF806008DF8070001A887
:105EB00001F0C3F88020059002208DF8180003201F
:105EC0008DF8190000208DF81A0002208DF81B00B3
:105ED00005A9D04803F02EFD02220721CD4804F089
:105EE00080F85320CC4908800420ADF808000A202F
:105EF000ADF80A000120ADF80C000020ADF80E004E
:105F0000ADF8100002A9C448283807F060F8012154
:105F1000C148283805F013FD01220421BE48283865
:105F200007F028FB07B000BD10B5BB481838008843
:105F300000F0040000B34FF6FB70B7491839088031
:105F40004FF6FF300880B3481030006800F0800042
:105F500090B9B148283807F0CCF9B0490880084614
:105F600000884988401A84B22046FDF718F8AB48EB
:105F70000088AA49488000BF10BD00B587B06846B8
:105F800003F088FD0121202004F04DFE01210420B2
:105F900004F0ADFD47208DF8080004208DF80900BD
:105FA00001208DF80A008DF80B0002A801F045F8D9
:105FB00008220721974804F014F88020009002205E
:105FC0008DF804008DF8050001208DF806000020F2
:105FD0008DF8070069468F4803F0ACFC90480390A9
:105FE0000020ADF810004FF40050ADF81200C010C2
:105FF000ADF814000020ADF818000420ADF816002C
:1060000003A9884808F0CEF9012240F225518548BD
:1060100008F047FF0121834808F01FFB07B000BDCF
:1060200010B540F225517F4809F08DF858B140F283
:1060300025517C4809F01EF97A48001D0088C4B239
:106040002046FCF7DAFF10BD704730B502460B461C
:106050000020002113E0545C604000240BE000F0BD
:10606000800525B1D52585EA4005E8B201E0450661
:10607000280E651CECB2082CF1DB4C1CE1B29942F5
:10608000E9DB30BD2DE9F04107460D466648007852
:1060900050B9C82D08D1644801780078401C624A84
:1060A000107062484554B2E05F4800780028FADD7D
:1060B0005D4801780078401C5B4A10705B4845548D
:1060C000104600780228EEDB5848447810460178E4
:1060D000A01C81427EDB601EC1B25448801CFFF7C9
:1060E000B4FF06465149601C085CB04273D10846B3
:1060F00000784F4908704D48407848704B48807888
:106100008870A21E4949C91C4948C01C0AF0DEFF1C
:106110004649601C085C464981F84300084680787F
:1061200016286FD14148C01C0188C1F30A01414AB9
:10613000D186B0F80110C1F3CA023E490A87D0F8EF
:106140000110C1F38A323B494A878188C1F34A0270
:1061500038498A87B0F80510C1F30A123549CA8751
:10616000D0F80510C1F3CA323249A1F840200189A4
:10617000C1F38A022F49A1F84220B0F809104A0958
:106180002C49A1F84420B0F80B10C1F30A022949A8
:10619000A1F846208189C1F3CA022649A1F8482006
:1061A000C168C1F38A322349A1F84A20B0F80F1020
:1061B000C1F34A021F49A1F84C20018AC1F30A1217
:1061C0001C49A1F84E200169C1F3CA321949A1F84E
:1061D000502001E01AE015E0B0F81310C1F38A0274
:1061E0001449A1F85220818A4A091249A1F8542081
:1061F000B1F87010491C0F4AA2F87010032182F800
:10620000721000BF00200849087000BF00BFBDE841
:10621000F08100000008024028040040180200201D
:10622000A0860100001401401C020020FA46002054
:10623000B64600209427002010B50020974908702A
:1062400080229749012009F001FE10BD70B5064675
:106250000D46002405E09248015D8020FAF7EDFE2E
:10626000641CAC42F7D380228D49304609F0EEFD24
:1062700070BD70B505460C4604F03F0030B92CB136
:1062800000221146284609F0E8FC02E0002083497C
:10629000087070BD10B58348006840F00100814966
:1062A00008608148006820F4400040F400007E4906
:1062B00008600846406820F4006048600846406A6C
:1062C00020F4704040F4204177484162806840F4F7
:1062D0004000754988600846C06820F44000C860E6
:1062E0000846006820F0407040F0007008600846E2
:1062F000406820F4805048600846406A20F47020CE
:1063000040F4202168484162806840F0407066494E
:1063100088600846C06820F04070C8606148001D71
:10632000006840F080005F49091D08600A20FEF700
:1063300088FB5C481C38006840F0800059491C39D3
:1063400008600A20FEF77DFB56481C38006820F0E4
:10635000800054491C3908603220FEF772FB43204C
:1063600000F01F02012191404209920002F1E02257
:10637000C2F8001100BF4FF0A040806840F08100DB
:106380004FF0A041886010BD10B5FFF783FF47486C
:106390000AF015FE46480AF05AF904460AF032FEA1
:1063A00044480AF054F904460AF02CFE42480AF028
:1063B00041FE42480AF03EFE0AF068FE10BD70B58C
:1063C0000246002011E0145C3D4B1D881B885B1CBD
:1063D0003B4E33803B4B5C5533461B88B3F5806F97
:1063E00002DB002334462380401C8842EBDB70BD77
:1063F00010B5334800883449098888424CD00024BD
:1064000026480078002839D1304908702C48008887
:106410002D490988884206DD294800882A490988CB
:10642000401A84B207E028480088C0F580602449FB
:106430000988084484B2802C00DD8024012017499B
:106440000870002012E020490A880988491C1E4B68
:1064500019801C49895C1E4A115419460988B1F5F6
:10646000806F02DB00211A461180401CA042EADB4B
:1064700022461749812009F0F0FB0CE01348007810
:10648000401C1249087008460078052803DB0020EC
:1064900008700249087000BF10BD000020020020F3
:1064A000880200203038024000000240A81D010888
:1064B0004047002060470020240200202C020020DA
:1064C00034020020804700203602002038020020DD
:1064D0000803002000B59BB00121062004F007FB53
:1064E000032019908DF8680000208DF86B0019A921
:1064F000644803F01FFA3F20199019A9624803F07D
:1065000019FA0121080204F08EFB00200F904FF4CD
:106510008030109080101190002012900FA800F091
:106520002FFF0020139001208DF850008DF85100AE
:10653000002016901590179008208DF8600013A980
:10654000524800F04AFE0723012208214F4801F07B
:10655000DCF80723022209214C4801F0D6F8072372
:1065600003220A21494801F0D0F8072304220B2115
:10657000464801F0CAF8072305220C21434801F0E0
:10658000C4F8072306220D21404801F0BEF8072376
:106590001A460E213D4801F0B8F8072308220F21C2
:1065A0003A4801F0B2F8684602F037F80121880550
:1065B00004F09DFA00BF364802F04CFB0028FAD1E7
:1065C000334801F0EDFD0020009030484C30019040
:1065D000304802900020039008200490002005908D
:1065E0004FF48060069040000790800008904011B2
:1065F000099040020A9000200B9001200C9000208E
:106600000D900E906946224801F0B1FE012120480C
:1066100002F014F801211D4801F055FA01211B4830
:1066200001F02BFA0121194800F05BFF174801F037
:1066300038F91BB000BD1748008800EE100AB8EE0C
:10664000400ADFED150A80EE201A9FED140A21EEB4
:10665000000ADFED130A20EE200A124880ED000A3E
:106660000C48408800EE100AB8EE400ADFED0A0A36
:1066700080EE201A9FED0C0A21EE000A0B4880EDF7
:10668000000A704700040240000802400020014058
:1066900010640240804B002000008045333353409B
:1066A00066667A413C020020000048434002002018
:1066B00010B5044624B10421844803F09DFB03E097
:1066C0000421824803F064FB10BD1CB5804903C956
:1066D000CDE900010121042004F009FA69467B4854
:1066E00003F028F90020FFF7E3FF1CBD10B50446B6
:1066F0002046FFF7DDFF10BD10B50020754908707A
:106700007549088075490870FFF7D2FF10BD70B554
:106710007048007858B96F480078401C6D4908707F
:1067200000206D4908800120FFF7C2FF70BD694855
:106730000078401EC4B2062C02D3FFF7DDFFF5E758
:10674000674830F8140064490988884211DC6148C0
:106750000078401C5F49087000205F4908805D494F
:106760000D7805EBD5714910A5EB4101C8B2FFF7D3
:106770009FFF00BFDAE710B55648007820B1012826
:1067800011D0022835D11FE05648007810B9FFF724
:10679000B3FF10BD4F480078401C4E4908700120DF
:1067A000FFF786FF28E04C4800884F490988884257
:1067B00009DB48480078401C4649087000204649DB
:1067C0000880FFF775FF17E04348008847490988AC
:1067D00088420DDB00203F4908703F49088041484E
:1067E0000078002804DD3F480078401E3D490870CD
:1067F00002E0FFF781FF00BF00BF00BFC9E710B58F
:106800002DED028BB0EE408A3448007810B9BDEC13
:10681000028B10BD9FED360A28EE000ABCEEC00ABE
:1068200010EE100A2C49098808442B4908802B488F
:106830000078012802D0022806D102E0FFF79BFF72
:1068400005E0FFF764FF02E0FFF756FF00BF00BF5F
:1068500000BFDCE710B5214B1B786BB9214B1870DA
:10686000214B1980214B1A8001231C4C23700023DB
:10687000184C2370184C238010BDF0B5DDE9054598
:10688000164E367876B9164E30807180B280F3801D
:10689000348175810226114F3E7000260D4F3E70E7
:1068A0000D4F3E80F0BD00B5642211460320FFF776
:1068B000D1FF00BD0CB564200090034602464FF4A2
:1068C000FA7101904800FFF7D8FF0CBD00080240A4
:1068D0003C1E01084C0200204A0200204402002015
:1068E000904B002045020020460200204802002074
:1068F00000007A4400BF00BF00BF00BF00BF00BF60
:1069000000BF00BF00BF00BF00BF00BF00BF00BF8F
:1069100000BF00BF00BF00BF00BF00BF00BF00BF7F
:1069200000BF00BF00BF00BF00BF00BF00BF00BF6F
:1069300000BF00BF00BF00BF00BF00BF00BF00BF5F
:1069400000BF00BF00BF00BF00BF00BF00BF00BF4F
:1069500000BF00BF00BF00BF00BF00BF00BF00BF3F
:1069600000BF00BF00BF00BF00BF00BF00BF00BF2F
:1069700000BF00BF00BF00BF00BF00BF00BF00BF1F
:1069800000BF00BF00BF00BF00BF00BF00BF00BF0F
:1069900000BF00BF00BF00BF00BF00BF00BF00BFFF
:1069A00000BF00BF00BF00BF00BF00BF00BF00BFEF
:1069B00000BF00BF00BF00BF00BF00BF00BF00BFDF
:1069C00000BF00BF00BF00BF00BF00BF00BF00BFCF
:1069D00000BF00BF00BF00BF00BF00BF00BF00BFBF
:1069E00000BF00BF00BF00BF00BF00BF00BF00BFAF
:1069F00000BF00BF00BF00BF70471CB5EC48007867
:106A000000B11CBD0120EA490870684603F042F855
:106A10000121022004F06BF84FF440600090012047
:106A20008DF804008DF8060003208DF80500012084
:106A30008DF807006946DF4802F07CFF4FF40060E4
:106A4000DC491831088040100880FFF753FF00BF71
:106A5000D7E710B54FF40060D649183108804010D0
:106A60000880FFF747FFD3481030006808B90120BD
:106A700000E0002000F4006008B1002010BD4FF4D9
:106A80000060CC491A310880FFF734FFC948103044
:106A9000006800F4006008B10020EFE74FF4806068
:106AA000C4491A310880FFF725FF0120E6E710B539
:106AB0004FF40060BF491A3108804010891E0880D9
:106AC000FFF718FF4FF40060BA491831088010BD75
:106AD00010B54FF40060B7491A310880FFF70AFF7C
:106AE0004FF48060B34918310880FFF703FF4FF47B
:106AF0008060B0491A310880FFF7FCFE4FF4006057
:106B0000AC491831088010BD10B54FF40060A94998
:106B100018310880FFF7EEFE4FF48060A549183168
:106B20000880FFF7E7FE4FF48060A2491A31088021
:106B300010BD70B5044608251FE004F0800028B1A0
:106B40004FF400609B491831088004E04FF4006066
:106B500098491A310880FFF7CDFE4FF480609549BF
:106B600018310880FFF7C6FE4FF4806091491A3152
:106B70000880FFF7BFFE6006040E281EA5F1010184
:106B8000CDB2DAD14FF400608A491831088070BD67
:106B900010B54FF48060874918310880FFF7AAFECE
:106BA00011E085480088401C834908800846008819
:106BB0000A2808DD81480088401C80490880FFF7CA
:106BC00076FF012010BD7B481030006800F40060A3
:106BD0000028E6D14FF4806076491A310880FFF72B
:106BE00089FE0020EEE770B50825002428027149CF
:106BF00018310880FFF77EFE17E06006040E4FF4A0
:106C000080606C4918310880FFF774FE69481030C5
:106C1000006800F4006008B144F001044FF48060A3
:106C200064491A310880FFF765FE281EA5F10101AD
:106C3000CDB2E2D1204670BD70B504460D46164671
:106C4000FFF707FF6106080EFFF773FFFFF7A0FFCE
:106C500018B1FFF72CFF012070BD2846FFF769FF30
:106C6000FFF796FF08B10120F6E73046FFF761FF16
:106C7000FFF78EFF08B10120EEE7FFF718FF0020B5
:106C8000EAE770B504460D461646FFF7E2FE6106D8
:106C9000080EFFF74EFFFFF77BFF18B1FFF707FF66
:106CA000012070BD2846FFF744FFFFF771FF08B1D0
:106CB0000120F6E7FFF7CDFE012101EB4401C8B248
:106CC000FFF737FFFFF764FF08B10120E9E7FFF79F
:106CD0008AFF3070FFF718FFFFF7E9FE0020E0E7BA
:106CE0002DE9F04105460E4617461C46FFF7B1FE5A
:106CF0006906080EFFF71DFFFFF74AFF10B10120DC
:106D0000BDE8F0813046FFF714FFFFF741FF08B1FF
:106D10000120F5E708E014F8010BFFF70AFFFFF781
:106D200037FF08B10120EBE7381EA7F10101CFB210
:106D3000F1D1FFF7BCFE0020E2E72DE9F041054666
:106D40000F4614461E46FFF784FE6906080EFFF73D
:106D5000F0FEFFF71DFF10B10120BDE8F0813846BD
:106D6000FFF7E7FEFFF714FF08B10120F5E7FFF793
:106D700070FE012101EB4501C8B2FFF7DAFEFFF713
:106D800007FF08B10120E8E70CE0FFF72CFF3070A7
:106D9000012C02D1FFF7B8FE01E0FFF799FE761C47
:106DA000601EC4B2002CF0D1FFF781FE0020D4E7B2
:106DB0004E02002000040240520200205002002037
:106DC0000CB50020019000908348006840F48030AA
:106DD0008149086000BF8048006800F400300090DE
:106DE0000198401C0190009818B90198B0F5A04F87
:106DF000F1D17948006800F4003010B10120009012
:106E000001E0002000900098012860D172484030D5
:106E1000006840F080507049403108606F48006859
:106E200040F440406D4908606B48083000686A498A
:106E3000083108600846006840F4004008600846D1
:106E4000006840F4A05008606548091F0860081FEA
:106E5000006840F08070091F086000BF5E4800684D
:106E600000F000700028F9D05C48006840F48030E1
:106E70005A49086000BF5948406800F48030002833
:106E8000F9D05648006840F400305449086000BF0B
:106E90005248406800F400300028F9D040F20570F4
:106EA000504908604C480830006820F003004A4907
:106EB000083108600846006840F00200086000BF22
:106EC00045480830006800F00C000828F8D10CBDD7
:106ED00010B54548006840F47000434908603E48DA
:106EE000006840F001003C49086000203A49083140
:106EF0000860394800683D490840374908603C4807
:106F0000091D0860081F006820F48020091F086020
:106F1000002031490C310860FFF752FF4FF000604C
:106F200031498039086010BD70B50020002202236D
:106F300000240221284D08352D6805F00C0020B1F1
:106F4000042806D0082834D107E02A4D2A4E35609F
:106F500033E02A4D284E35602FE01F4D2D1D2D6842
:106F6000C5F380541C4D2D1D2D6805F03F0154B113
:106F7000224DB5FBF1F5184E361D3668C6F388165E
:106F800005FB06F209E01B4DB5FBF1F5124E361D6F
:106F90003668C6F3881605FB06F20F4D2D1D2D68C9
:106FA000C5F301456D1C6B00B2FBF3F5124E356065
:106FB00003E0104D104E356000BF00BF064D083590
:106FC0002D68C5F303150E4E705D0B4D2D68C54041
:106FD000094E356070BD000000380240007000406E
:106FE000045A410F003C024088ED00E0FFFFF6FE2E
:106FF000103000240024F4005402002000127A0013
:107000005802002010B50446B4F5E06F0BD0B4F57B
:10701000C06F08D0B4F5A06F05D0B4F5806F02D072
:10702000B4F5407F00D103E079215F48F9F7C8F853
:107030005E4820435E49086010BD2DE9F0410446DA
:10704000002500270F26E07810B1E078012800D154
:1070500003E08D215448F9F7B3F86078102800DA7E
:1070600003E08E215048F9F7ABF8A078102800DA39
:1070700003E08F214C48F9F7A3F8E07818B34C48A7
:10708000006800F4E060C0F5E060C0F30725C5F1DA
:107090000400C7B22E416078B840C5B2A078304035
:1070A00005432807050E434821784554207800F011
:1070B0001F010120884021784911890001F1E02158
:1070C000C1F8000109E0207800F01F01012088408C
:1070D00039492278521141F82200BDE8F08170B59B
:1070E00004460D46B4F1005F02D0B4F1006F00D148
:1070F00003E0B7212C48F9F763F83048854200D205
:1071000003E0B8212848F9F75BF82D4905EA0100AA
:1071100020432749091F086070BD70B504460D461D
:10712000102C03D0042C01D0022C00D103E0CA2182
:107130001D48F9F745F80DB1012D00D103E0CB2131
:107140001948F9F73DF83DB11948001D0068204382
:107150001749091D086006E01548001D0068A04396
:107160001349091D086070BD10B50446042C01D0F8
:10717000601D00B903E0E2210B48F9F721F8042C67
:1071800008D14FF0E020006940F004004FF0E0210A
:10719000086107E04FF0E020006920F004004FF0A4
:1071A000E021086110BD0000441E01080000FA053E
:1071B0000CED00E000E400E080E100E0FFFF0F00E4
:1071C00080FFFF1F10B50121080203F0EFFD002131
:1071D0004FF4807003F0EAFD10BD2DE9F041054643
:1071E0000C4600260027F748854205D0F648854220
:1071F00002D0F648854200D103E0F021F448F8F7C8
:10720000DFFF206858B12068B0F1807F07D0206888
:10721000B0F1007F03D02068B0F1407F00D103E0DF
:10722000F121EB48F8F7CCFF207910B12079012843
:1072300000D103E0F221E648F8F7C2FF607910B10F
:107240006079012800D103E0F321E148F8F7B8FFA5
:10725000A06858B1A068B0F1805F07D0A068B0F115
:10726000005F03D0A068B0F1405F00D103E0F421DB
:10727000D748F8F7A5FFE068D8B3E068B0F1807FA1
:1072800037D0E068B0F1007F33D0E068B0F1407FE4
:107290002FD0E068B0F1806F2BD0E068B0F1A06F24
:1072A00027D0E068B0F1C06F23D0E068B0F1E06FA4
:1072B0001FD0E068B0F1006F1BD0E068B0F1106F34
:1072C00017D0E068B0F1206F13D0E068B0F1306FF4
:1072D0000FD0E068B0F1406F0BD0E068B0F1506FB4
:1072E00007D0E068B0F1606F03D0E068B0F1706F74
:1072F00000D103E0F521B648F8F762FF206918B124
:107300002069B0F5006F00D103E0F621B048F8F72E
:1073100057FF207D012803DB207D102800DC03E0DF
:10732000F721AB48F8F74CFF6E68AA480640217970
:10733000206840EA012006436E60AE68A648064019
:10734000D4E903100843A1680843617940EA410089
:107350000643AE60EE6A26F47006207D401EC0B281
:10736000074346EA0756EE62BDE8F081002101605E
:10737000017141718160C160016101210175704736
:1073800070B504460025206818B32068012820D075
:10739000206802281DD0206805281AD020680628F9
:1073A00017D02068072814D02068092811D0206839
:1073B00011280ED0206812280BD02068152808D07C
:1073C0002068162805D02068172802D020681928C0
:1073D00000D104E040F259117D48F8F7F1FE6068F1
:1073E00058B16068B0F5803F07D06068B0F5003FE5
:1073F00003D06068B0F5403F00D104E04FF4AD71B8
:107400007348F8F7DDFEA06858B1A068B0F5804F6A
:1074100007D0A068B0F5004F03D0A068B0F5404F8A
:1074200000D104E040F25B116948F8F7C9FEE0685A
:10743000D8B3E068B0F5807F37D0E068B0F5007F62
:1074400033D0E068B0F5407F2FD0E068B0F5806FB2
:107450002BD0E068B0F5A06F27D0E068B0F5C06F22
:1074600023D0E068B0F5E06F1FD0E068B0F5006FA2
:107470001BD0E068B0F5106F17D0E068B0F5206F52
:1074800013D0E068B0F5306F0FD0E068B0F5406F12
:107490000BD0E068B0F5506F07D0E068B0F5606FD2
:1074A00003D0E068B0F5706F00D104E04FF4AE7126
:1074B0004748F8F785FE4948056849480540D4E93A
:1074C00000010843A1680843E168084305433D48BB
:1074D000C0F8045370BD0021016041608160C1604B
:1074E000704770B504460D463648844205D036488C
:1074F000844202D03548844200D104E04FF4C9717F
:107500003348F8F75DFE0DB1012D00D104E040F2E3
:1075100093112F48F8F754FE25B1A06840F0010000
:10752000A06003E0A06820F00100A06070BD70B50D
:1075300005460C4600262348854205D02248854250
:1075400002D02248854200D104E040F2CB1120480D
:10755000F8F736FE234884420FD0234884420CD0EB
:107560002248844209D0B4F5000F06D0B4F5800F4C
:1075700003D0B4F5400F00D004B904E04FF4E67135
:107580001348F8F71DFE6E681848C04306402643AE
:107590006E6070BD70B504460E46154609488442BB
:1075A00005D00948844202D00848844200D104E052
:1075B0004FF4F4710648F8F703FEB6F5805F17DA6A
:1075C0001BE000000020014000210140002201409A
:1075D0008C1E0108FFFEFFFCFDF7FFC004230140E5
:1075E000E030FCFF00028000000240000002C0000A
:1075F00040F2E911FD48F8F7E3FDB5F5805F00DAE8
:1076000004E04FF4F571F948F8F7DAFD6662A56217
:1076100070BD70B505460C460026F548854205D07C
:10762000F448854202D0F448854200D104E040F29B
:107630001121EE48F8F7C4FD1CB3012C21D0022C17
:107640001FD0032C1DD0042C1BD0052C19D0062CC8
:1076500017D0072C15D0082C13D0092C11D00A2CC8
:107660000FD00B2C0DD00C2C0BD00D2C09D00E2CC8
:1076700007D00F2C05D0102C03D0112C01D0122CC8
:1076800000D104E040F21221D848F8F799FD6E6865
:1076900026F01F0626436E6070BD10B504460CB17F
:1076A000012C00D104E04FF41471D048F8F788FDA4
:1076B0003CB1D248006840F40000CD49C1F8040351
:1076C00006E0CE48006820F40000C949C1F8040370
:1076D00010BD10B504460CB1012C00D104E040F2FD
:1076E0006A21C248F8F76CFD3CB1C448006840F418
:1076F0008000BF49C1F8040306E0C048006820F4D8
:107700008000BB49C1F8040310BD2DE9F0470646CF
:107710000C46174698460025A946B548864205D02E
:10772000B448864202D0B448864200D104E040F218
:10773000CF21AE48F8F744FD1CB3012C21D0022C18
:107740001FD0032C1DD0042C1BD0052C19D0062CC7
:1077500017D0072C15D0082C13D0092C11D00A2CC7
:107760000FD00B2C0DD00C2C0BD00D2C09D00E2CC7
:1077700007D00F2C05D0102C03D0112C01D0122CC7
:1077800000D104E04FF434719848F8F719FD012F47
:1077900002DB102F00DC04E040F2D1219348F8F71F
:1077A0000FFDB8F1000F14D0B8F1010F11D0B8F1EE
:1077B000020F0ED0B8F1030F0BD0B8F1040F08D0B0
:1077C000B8F1050F05D0B8F1060F02D0B8F1070FD8
:1077D00000D104E040F2D2218448F8F7F1FC092CF2
:1077E00013DDF568A4F10A0000EB4001072000FA60
:1077F00001F925EA0905A4F10A0000EB400008FAA6
:1078000000F945EA0905F5600EE0356904EB44012D
:10781000072000FA01F925EA090504EB440008FAFB
:1078200000F945EA09053561072F11DA756B781EF5
:1078300000EB80011F2000FA01F925EA0905781EF6
:1078400000EB800004FA00F945EA0905756326E0BB
:107850000D2F11DA356BF81F00EB80011F2000FAA5
:1078600001F925EA0905F81F00EB800004FA00F988
:1078700045EA0905356312E0F56AA7F10D0000EB52
:1078800080011F2000FA01F925EA0905A7F10D0082
:1078900000EB800004FA00F945EA0905F562BDE84D
:1078A000F08710B504465248844205D051488442BE
:1078B00002D05148844200D104E040F246314B48A6
:1078C000F8F77EFCA06840F08040A06010BD70B565
:1078D000044600254648844205D04648844202D0EA
:1078E0004548844200D104E040F255313F48F8F762
:1078F00067FCA06800F0804008B1012500E0002589
:10790000284670BD70B504460D463948844205D0FE
:107910003848844202D03848844200D104E040F222
:1079200072313248F8F74CFC0DB1012D00D104E062
:1079300040F273312D48F8F743FC25B1A06840F4BC
:107940008060A06003E0A06820F48060A06070BD4B
:1079500070B504460D462648844205D02548844229
:1079600002D02548844200D104E040F28B311F4808
:10797000F8F726FC0DB1012D00D104E04FF463713E
:107980001A48F8F71DFC25B1A06840F00200A0607D
:1079900003E0A06820F00200A06070BD2DE9F04176
:1079A00004460D46002600271148844205D01148A0
:1079B000844202D01048844200D104E04FF46A713E
:1079C0000A48F8F7FDFB012D02DB082D00DC04E07E
:1079D00040F2A9310548F8F7F3FB666826F46046E3
:1079E0006F1E46EA47366660BDE8F0818C1E0108CE
:1079F00000200140002101400022014004230140F9
:107A000070B504460D46F948844205D0F8488442D2
:107A100002D0F848844200D104E040F2C531F64873
:107A2000F8F7CEFB0DB1012D00D104E040F2C631D4
:107A3000F148F8F7C5FB25B1606840F4006060606C
:107A400003E0606820F40060606070BD10B504461B
:107A5000E648844205D0E648844202D0E5488442A4
:107A600000D104E04FF47771E348F8F7A9FBE06C2C
:107A700080B210BDE1480068704770B504460D46FD
:107A8000DA48844205D0DA48844202D0D948844298
:107A900000D104E040F21F41D748F8F791FB0DB147
:107AA000012D00D104E04FF48461D348F8F788FB3E
:107AB00025B1A06840F48070A06003E0A06820F4C5
:107AC0008070A06070BD70B504460D46C748844202
:107AD00005D0C748844202D0C648844200D104E0A1
:107AE00040F23741C448F8F76BFB0DB1012D00D1CE
:107AF00004E04FF48761C048F8F762FB25B1A06845
:107B000040F40070A06003E0A06820F40070A06062
:107B100070BD10B504460CB1012C00D104E040F258
:107B20005241B548F8F74CFB44B1B448001F006817
:107B300040F40050AD49C1F8040307E0AF48001F0E
:107B4000006820F40050A949C1F8040310BD2DE9D4
:107B5000F04706460C4691461D460027B846BA46F1
:107B6000A248864205D0A248864202D0A148864259
:107B700000D104E040F2AA419F48F8F721FB1CB372
:107B8000012C21D0022C1FD0032C1DD0042C1BD083
:107B9000052C19D0062C17D0072C15D0082C13D083
:107BA000092C11D00A2C0FD00B2C0DD00C2C0BD083
:107BB0000D2C09D00E2C07D00F2C05D0102C03D083
:107BC000112C01D0122C00D104E040F2AB418A48C4
:107BD000F8F7F6FAB9F1010F03DBB9F1040F00DC95
:107BE00004E040F2AC418448F8F7EAFA6DB1012DA7
:107BF0000BD0022D09D0032D07D0042D05D0052D63
:107C000003D0062D01D0072D00D104E040F2AD4194
:107C10007948F8F7D5FA092C13DDF768A4F10A00C2
:107C200000EB4001072000FA01F827EA0807A4F159
:107C30000A0000EB400005FA00F847EA0807F76081
:107C40000EE0376904EB4401072000FA01F827EA47
:107C5000080704EB440005FA00F847EA0807376113
:107C6000B76BC7F3015A09F103000AF10101401A89
:107C700000EB80011F2000FA01F827EA080709F14C
:107C800003000AF10101401A00EB800004FA00F839
:107C900047EA0807B763BDE8F0872DE9F0410446DD
:107CA0000D46002600275148844205D050488442A2
:107CB00002D05048844200D104E040F2EA414E48EC
:107CC000F8F77EFA012D02DB042D00DC04E040F21F
:107CD000EB414948F8F774FAA66B26F440166F1E7C
:107CE00046EA0756A663BDE8F081F8B505460C469E
:107CF0001646002000903D48854205D03C4885420C
:107D000002D03C48854200D104E040F20C513A4890
:107D1000F8F756FA142C05D0182C03D01C2C01D0DF
:107D2000202C00D104E040F20D513348F8F748FA16
:107D3000B6F5805F00DA04E040F20E512E48F8F705
:107D40003FFA009500982044009000980660F8BD26
:107D500070B505460C4600262448854205D02448C7
:107D6000854202D02348854200D104E040F23251DE
:107D70002148F8F725FA64B3B4F5803F29D0B4F56B
:107D8000003F26D0B4F5403F23D0B4F5802F20D05B
:107D9000B4F5A02F1DD0B4F5C02F1AD0B4F5E02F44
:107DA00017D0B4F5002F14D0B4F5102F11D0B4F5BE
:107DB000202F0ED0B4F5302F0BD0B4F5402F08D0C3
:107DC000B4F5502F05D0B4F5602F02D0B4F5702F64
:107DD00000D104E040F233510748F8F7F1F9AE68FA
:107DE00026F470262643AE6070BD000000200140DE
:107DF00000210140002201408C1E0108082301409F
:107E000070B504460D460026E148844205D0E1489D
:107E1000844202D0E048844200D104E040F2545150
:107E2000DE48F8F7CDF945B1B5F5801F05D0B5F5B9
:107E3000001F02D0B5F5401F00D104E040F25551BB
:107E4000D648F8F7BDF9A66826F440162E43A6607A
:107E500070BD10B50446CE48844205D0CD4884425A
:107E600002D0CD48844200D104E04FF4AD61CB484C
:107E7000F8F7A6F9A06840F48000A06010BD70B5C6
:107E800004460025C248844205D0C248844202D03C
:107E9000C148844200D104E040F27651BF48F8F76F
:107EA0008FF9A06800F4800008B1012500E00025EA
:107EB000284670BD70B504460D46B548844205D0CD
:107EC000B448844202D0B448844200D104E040F275
:107ED0009251B248F8F774F90DB1012D00D104E0C8
:107EE00040F29351AD48F8F76BF925B1606840F462
:107EF0008060606003E0606820F48060606070BD56
:107F000070B504460D46A248844205D0A14884427B
:107F100002D0A148844200D104E040F2AC519F4815
:107F2000F8F74EF90DB1012D00D104E040F2AD514A
:107F30009A48F8F745F925B1606840F480506060D0
:107F400003E0606820F48050606070BD38B505467D
:107F50000C46002000908E48854205D08D48854211
:107F600002D08D48854200D104E040F2CA518B48CE
:107F7000F8F726F9142C05D0182C03D01C2C01D0AE
:107F8000202C00D104E040F2CB518448F8F718F9D6
:107F9000009504F1280000990844009000980068BA
:107FA00080B238BD2DE9F04104460D461646002743
:107FB0007748844205D07748844202D0764884428C
:107FC00000D104E040F234617448F8F7F9F80EB1DA
:107FD000012E00D104E040F235617048F8F7F0F866
:107FE00040F2052085420AD0B5F5837F07D040F2E4
:107FF0000740854203D042F21A00854200D104E0D6
:1080000040F236616548F8F7DBF8EFB2012000FA7C
:1080100007F71EB160683843606002E06068B843EB
:108020006060BDE8F08170B505460C4600265848F2
:10803000854205D05748854202D05748854200D135
:1080400004E040F259615548F8F7BAF8012C09D01C
:10805000022C07D0042C05D0082C03D0102C01D002
:10806000202C00D104E040F25A614C48F8F7A8F8FF
:108070002868204008B1012600E00026304670BD87
:1080800070B504460D464248844205D041488442BA
:1080900002D04148844200D104E040F27B613F4875
:1080A000F8F78EF805F0C00008B905B104E040F219
:1080B0007C613A48F8F784F8E843206070BD2DE908
:1080C000F04105460C4600260027B0463048854260
:1080D00005D03048854202D02F48854200D104E0C7
:1080E00040F293612D48F8F76BF840F20520844286
:1080F0000AD0B4F5837F07D040F20740844203D012
:1081000042F21A00844200D104E040F29461234814
:10811000F8F756F8271268680121A14000EA010823
:108120002868384020B1B8F1000F01D0012600E0E6
:1081300000263046BDE8F08170B505460C460026A5
:108140001348854205D01348854202D01248854223
:1081500000D104E040F2BA611048F8F731F840F27B
:10816000052084420AD0B4F5837F07D040F207404F
:10817000844203D042F21A00844200D104E040F26B
:10818000BB610648F8F71CF82612F043286070BD62
:108190000020014000210140002201408C1E010806
:1081A00010B50446FE4884423AD0FD481830844257
:1081B00036D0FB483030844232D0F94848308442CF
:1081C0002ED0F748603084422AD0F5487830844277
:1081D00026D0F3489030844222D0F148A83084421F
:1081E0001ED0F04884421BD0EE481830844217D08D
:1081F000EC483030844213D0EA48483084420FD0F3
:10820000E848603084420BD0E6487830844207D09A
:10821000E4489030844203D0E248A830844200D140
:1082200003E0C721E048F7F7CBFF206820F001000A
:108230002060002020606060A060E060206121205C
:108240006061D748844204D13D20D5491039886007
:108250008CE0D3481830844205D14FF47460D04983
:108260001039886082E0CE483030844205D14FF426
:108270007410CB491039886078E0C948483084428E
:1082800005D14FF07460C649103988606EE0C4486B
:108290006030844204D1C548C1491039C86065E0E6
:1082A000BF487830844204D1C148BD491039C86004
:1082B0005CE0BB489030844204D1BE48B8491039D4
:1082C000C86053E0B648A830844205D14FF03D5015
:1082D000B3491039C86049E0B248844204D13D2016
:1082E000B0490839086041E0AE481830844205D1F1
:1082F0004FF47460AB490839086037E0A948303062
:10830000844205D14FF47410A649083908602DE065
:10831000A4484830844205D14FF07460A14908391F
:10832000086023E09F486030844204D19F489D4903
:10833000091F08601AE09B487830844204D19C48A9
:108340009849091F086011E096489030844204D192
:1083500098489449091F086008E09248A830844270
:1083600004D14FF03D508F49091F086010BD70B512
:1083700005460C4600268A4885423AD0884818307F
:10838000854236D086483030854232D084484830E5
:1083900085422ED08248603085422AD0804878308D
:1083A000854226D07E489030854222D07C48A83035
:1083B00085421ED07B4885421BD07A4818308542C2
:1083C00017D078483030854213D0764848308542FF
:1083D0000FD07448603085420BD0724878308542A7
:1083E00007D070489030854203D06E48A83085424F
:1083F00000D104E04FF4A2716B48F7F7E1FE20686A
:10840000D8B12068B0F1007F17D02068B0F1806F3C
:1084100013D02068B0F1C06F0FD02068B0F1006FAA
:108420000BD02068B0F1206F07D02068B0F1406F0A
:1084300003D02068B0F1606F00D104E040F2451134
:108440005948F7F7BDFEE06828B1E068402802D03F
:10845000E068802800D104E04FF4A3715248F7F798
:10846000AFFE206920B12069B0F5803F00D204E062
:1084700040F247114C48F7F7A3FE6069B0F5007F62
:1084800001D0606900B904E04FF4A4714648F7F7E1
:1084900097FEA069B0F5806F01D0A06900B904E033
:1084A00040F249114048F7F78BFEE06938B1E069C6
:1084B000B0F5006F03D0E069B0F5805F00D104E053
:1084C0004FF4A5713848F7F77BFE206A38B1206A6F
:1084D000B0F5005F03D0206AB0F5804F00D104E012
:1084E00040F24B113048F7F76BFE606A18B1606AD2
:1084F000B0F5807F00D104E04FF4A6712A48F7F769
:108500005FFEA06A58B1A06AB0F5803F07D0A06AAC
:10851000B0F5003F03D0A06AB0F5403F00D104E0C1
:1085200040F24D112048F7F74BFEE06A10B1E06AC7
:10853000042800D104E04FF4A7711B48F7F740FE70
:10854000206B40B1206B012805D0206B022802D09F
:10855000206B032800D104E040F24F111248F7F7D6
:108560002FFE606B58B1606BB0F5000F07D0606BE9
:10857000B0F1807F03D0606BB0F1C07F00D104E028
:108580004FF4A8710848F7F71BFEA06BC0B1A06BB1
:10859000B0F5001F14D0A06BB0F5800F10D00BE029
:1085A0001060024010640240E01E01083D000020FF
:1085B000400F002000003D20A06BB0F5C00F00D19F
:1085C00004E040F25111FE48F7F7FAFD2E68FD482D
:1085D0000640E1682068084361690843A1690843CF
:1085E000E1690843216A0843616A0843A16A0843B4
:1085F000616B0843A16B084306432E606E6926F049
:108600000706D4E90B01084306436E6120696860E0
:108610006068A860A068E86070BD002101604160EA
:108620008160C160016141618161C161016241623A
:108630008162C162016341638163704770B5044622
:108640000D46E14884423AD0DF481830844236D0A3
:10865000DD483030844232D0DB48483084422ED06E
:10866000D948603084422AD0D7487830844226D016
:10867000D5489030844222D0D348A83084421ED0BE
:10868000D24884421BD0D1481830844217D0CF48FA
:108690003030844213D0CD48483084420FD0CB488C
:1086A000603084420BD0C9487830844207D0C74834
:1086B0009030844203D0C548A830844200D104E001
:1086C00040F2E111BE48F7F77BFD0DB1012D00D15D
:1086D00004E04FF4F171BA48F7F772FD25B1206854
:1086E00040F00100206003E0206820F001002060DD
:1086F00070BD70B504460D46B34884423AD0B248C6
:108700001830844236D0B0483030844232D0AE483F
:10871000483084422ED0AC48603084422AD0AA48E7
:108720007830844226D0A8489030844222D0A6488F
:10873000A83084421ED0A54884421BD0A3481830DC
:10874000844217D0A1483030844213D09F4848302B
:1087500084420FD09D48603084420BD09B487830D3
:10876000844207D099489030844203D09748A8307B
:10877000844200D104E040F205219148F7F720FD42
:1087800015B1B5F5004F00D104E040F206218C4848
:10879000F7F716FD25B1206840F40040206003E0A3
:1087A000206820F40040206070BD70B504460D467E
:1087B000854884423AD084481830844236D0824872
:1087C0003030844232D08048483084422ED07E48B7
:1087D000603084422AD07C487830844226D07A485F
:1087E0009030844222D07848A83084421ED0774806
:1087F00084421BD075481830844217D073483030FB
:10880000844213D07148483084420FD06F486030A2
:1088100084420BD06D487830844207D06B4890304A
:10882000844203D06948A830844200D104E040F279
:1088300029216348F7F7C4FC0DB1202D00D104E0D5
:1088400040F22A215E48F7F7BBFC25B1206840F0D2
:108850002000206003E0206820F02000206070BD30
:1088600070B504460D46584884423AD056481830F0
:10887000844236D054483030844232D05248483056
:1088800084422ED05048603084422AD04E487830FE
:10889000844226D04C489030844222D04A48A830A6
:1088A00084421ED0494884421BD048481830844234
:1088B00017D046483030844213D044484830844270
:1088C0000FD04248603084420BD040487830844218
:1088D00007D03E489030844203D03C48A8308442C0
:1088E00000D104E040F27B213548F7F769FC656070
:1088F00070BD10B50446344884423AD0324818302E
:10890000844236D030483030844232D02E4848300D
:1089100084422ED02C48603084422AD02A487830B5
:10892000844226D028489030844222D02648A8305D
:1089300084421ED0254884421BD0244818308442EB
:1089400017D022483030844213D020484830844227
:108950000FD01E48603084420BD01C4878308442CF
:1089600007D01A489030844203D01848A830844277
:1089700000D104E040F28A211148F7F721FC606839
:1089800080B210BD70B504460E4615460E488442AE
:1089900042D00D48183084423ED00B4830308442DB
:1089A0003AD009484830844236D007486030844283
:1089B00032D00548783084422ED00348903007E00A
:1089C000E01E01083F801CF010600240106402406D
:1089D000844221D0FE4884421ED0FE4884421BD0EF
:1089E000FC481830844217D0FA483030844213D003
:1089F000F848483084420FD0F648603084420BD0AB
:108A0000F4487830844207D0F2489030844203D052
:108A1000F048A830844200D104E040F2DE21EE4864
:108A2000F7F7CEFB15B1B5F5002F00D104E040F209
:108A3000DF21E948F7F7C4FB25B1206840F40020A6
:108A4000206003E0206820F400202060266170BDD3
:108A500070B504460D46DE48A838844239D0DC485B
:108A60009038844235D0DA487838844231D0D848BA
:108A7000603884422DD0D6484838844229D0D44822
:108A80003038844225D0D2481838844221D0D0488A
:108A900084421ED0CF4884421BD0CE481830844236
:108AA00017D0CC483030844213D0CA484830844272
:108AB0000FD0C848603084420BD0C648783084421A
:108AC00007D0C4489030844203D0C248A8308442C2
:108AD00000D104E04FF43F71BF48F7F771FB0DB1CF
:108AE000012D00D104E040F2FD21BB48F7F768FBFF
:108AF00025B1206840F48020206003E0206820F445
:108B00008020206070BD70B504460E461546B04802
:108B1000A838844239D0AE489038844235D0AC4829
:108B20007838844231D0AA48603884422DD0A84891
:108B30004838844229D0A6483038844225D0A448F9
:108B40001838844221D0A24884421ED0A1488442D1
:108B50001BD0A0481830844217D09E483030844241
:108B600013D09C48483084420FD09A4860308442E9
:108B70000BD098487830844207D096489030844291
:108B800003D09448A830844200D104E040F226315A
:108B90009148F7F715FB15B1B5F5002F00D104E0AA
:108BA00040F227318C48F7F70BFB0DB1266100E04E
:108BB000E66070BD70B5044600258548A83884423B
:108BC00039D083489038844235D0814878388442FF
:108BD00031D07F48603884422DD07D484838844267
:108BE00029D07B483038844225D0794818388442CF
:108BF00021D0774884421ED0764884421BD07548E5
:108C00001830844217D073483030844213D07148F2
:108C1000483084420FD06F48603084420BD06D489A
:108C20007830844207D06B489030844203D0694842
:108C3000A830844200D104E040F241316648F7F7A1
:108C4000BFFA206800F4002008B1012500E00025EB
:108C5000284670BD70B5044600255D48A83884429A
:108C600039D05B489038844235D0594878388442AE
:108C700031D05748603884422DD055484838844216
:108C800029D053483038844225D05148183884427E
:108C900021D04F4884421ED04E4884421BD04D48BC
:108CA0001830844217D04B483030844213D04948A2
:108CB000483084420FD04748603084420BD045484A
:108CC0007830844207D043489030844203D04148F2
:108CD000A830844200D104E04FF46D713E48F7F7AC
:108CE0006FFA206800F0010008B1012500E00025BE
:108CF000284670BD70B5044600253548A838844222
:108D000039D033489038844235D03148783884425D
:108D100031D02F48603884422DD02D4848388442C5
:108D200029D02B483038844225D02948183884422D
:108D300021D0274884421ED0264884421BD0254893
:108D40001830844217D023483030844213D0214851
:108D5000483084420FD01F48603084420BD01D48F9
:108D60007830844207D01B489030844203D01948A1
:108D7000A830844200D104E040F2D6311648F7F71B
:108D80001FFA606900F03805284670BD2DE9F041F2
:108D900005460C464FF0000800270D48A8388542CC
:108DA00040D00B48903885423CD0094878388542FD
:108DB00038D007486038854234D005484838854265
:108DC00030D00348303885422CD00148183805E0AF
:108DD000B860024010640240E01E0108854221D0C4
:108DE000F94885421ED0F94885421BD0F748183013
:108DF000854217D0F5483030854213D0F3484830CB
:108E000085420FD0F148603085420BD0EF48783072
:108E1000854207D0ED489030854203D0EB48A8301A
:108E2000854200D104E040F2F331E948F7F7C8F990
:108E3000E84884427CD0E7481038844278D0E5483E
:108E40001838844274D0E448844271D0C01E8442F1
:108E50006ED0E24884426BD0E148844268D0E14859
:108E6000844265D0DB48E030844261D0D94820306C
:108E700084425DD0B4F1815F5AD0DB48844257D040
:108E8000DA48844254D0DA48844251D0D9488442E6
:108E90004ED0B4F1C05F4BD0B4F1A05F48D0B4F174
:108EA000905F45D0B4F1885F42D0B4F1825F3FD08B
:108EB000D14884423CD0D0481038844238D0CE4883
:108EC0001838844234D0001F844231D0C01E8442FE
:108ED0002ED0CA4884422BD0C948844228D0C948E1
:108EE000844225D0C448E030844221D0C24820309A
:108EF00084421DD0C44884421AD0C448844217D04A
:108F0000C348844214D0C348844211D0C24884422A
:108F10000ED0B4F1205F0BD0B4F1105F08D0B4F1E3
:108F2000085F05D0B4F1045F02D0B4F1015F00D155
:108F300004E04FF47D71A648F7F742F9A348854253
:108F400002D2A14EB83E01E0A04E103E04F0005007
:108F500008B1776800E03768B048074007EA0400C6
:108F600010B14FF0010801E04FF000084046BDE8A5
:108F7000F08170B504460D469348A838844239D034
:108F800091489038844235D08F487838844231D027
:108F90008D48603884422DD08B484838844229D08F
:108FA00089483038844225D087481838844221D0F7
:108FB000854884421ED0854884421BD0834818309F
:108FC000844217D081483030844213D07F484830E3
:108FD00084420FD07D48603084420BD07B4878308B
:108FE000844207D079489030844203D07748A83033
:108FF000844200D104E040F234417548F7F7E0F8CC
:1090000005F04050B0F1405F07D005F0405020B16E
:109010008348284008B905B104E040F235416C4866
:10902000F7F7CEF86948844202D2674EB83E01E0B5
:10903000664E103E05F0005018B178482840F060A8
:1090400002E076482840B06070BD70B504460D4619
:1090500016465D48A838844239D05B48903884422F
:1090600035D059487838844231D0574860388442E6
:109070002DD055484838844229D05348303884424E
:1090800025D051481838844221D04F4884421ED000
:109090004E4884421BD04D481830844217D04B486C
:1090A0003030844213D04948483084420FD047487A
:1090B000603084420BD045487830844207D0434822
:1090C0009030844203D04148A830844200D104E06B
:1090D00040F261413E48F7F773F825F09E0008B969
:1090E00005B104E040F262413948F7F769F80EB182
:1090F000012E00D104E040F263413548F7F760F8F3
:1091000005F0800048B126B1606940F080006061E0
:1091100003E0606920F080006061802D0BD02EB1EB
:10912000206805F01E010843206004E0206805F077
:109130001E018843206070BD2DE9F04705460C46AE
:109140004FF000080027B9461F48A838854239D09B
:109150001D489038854235D01B487838854231D03B
:109160001948603885422DD017484838854229D0A3
:1091700015483038854225D013481838854221D00B
:10918000114885421ED0114885421BD00F48183027
:10919000854217D00D483030854213D00B484830F7
:1091A00085420FD00948603085420BD0074878309F
:1091B000854207D005489030854203D00348A83047
:1091C00085422FD133E00000B860024010640240B5
:1091D000E01E0108200000100400801000080010AC
:1091E0000004001000020010000010100000081021
:1091F00000000410000001102000002000080020E2
:1092000000040020000200200000202000001020A8
:109210000000082000000420000001207D0F7D0FC9
:1092200082F002C040F299418D48F6F7C9FF8D489F
:10923000844278D08C48844275D08C48844272D065
:109240008B4884426FD08B4884426CD08A488442D9
:1092500069D08A48844266D08948844263D0844871
:10926000FC3084425FD083483F3084425BD08548E5
:10927000844258D08448844255D08448844252D095
:10928000834884424FD0834884424CD082488442F1
:1092900049D08248844246D08148844243D08148A4
:1092A000844240D0804884423DD0804884423AD0B5
:1092B0007F48844237D07F48844234D07E488442FD
:1092C00031D07E4884422ED07D4884422BD07D48C8
:1092D000844228D07C48844225D07748FC308442A0
:1092E00021D076483F3084421DD0784884421AD03D
:1092F0007748844217D07748844214D07648844215
:1093000011D0764884420ED0754884420BD07548FF
:10931000844208D07448844205D07448844202D004
:109320007348844200D104E040F29A414C48F6F779
:1093300047FF7048854201D26F4E01E06D4E103EEE
:109340006E48204030B11E2000EAD427286800EA89
:10935000070902E0686900F0800904F0005008B1D4
:10936000776800E037686648074007EA040028B1DC
:10937000B9F1000F02D04FF0010801E04FF00008F2
:109380004046BDE8F08770B504460D465A48103097
:1093900084423AD058482830844236D0564840302B
:1093A000844232D05448583084422ED052487030D3
:1093B00084422AD050488830844226D04E48A0307B
:1093C000844222D04C48B83084421ED0494884425E
:1093D0001BD048481830844217D046483030844269
:1093E00013D04448483084420FD042486030844211
:1093F0000BD040487830844207D03E4890308442B9
:1094000003D03C48A830844200D104E040F2E94156
:109410001348F6F7D5FE05F04050B0F1405F07D095
:1094200005F0405020B11DB13648284000B904E095
:1094300040F2EA410A48F6F7C3FE2E48844201D2C0
:109440002D4E01E02B4E103E05F0005018B12C4877
:109450002840F06002E02A482840B06070BD00005B
:10946000E01E0108208000101040001008200010AD
:10947000041000100100009000880010004400104B
:109480000022001000802010004010100020081062
:10949000001004100000019000800018004000142B
:1094A00000200012001000110000409020800020D9
:1094B000104000200820002004100020010000A01F
:1094C000008800200044002000220020008020208E
:1094D000004010200020082000100420000001A0FF
:1094E00000800028004000240020002200100021FD
:1094F000000040A010640240006002403C0F3C0F9E
:109500007D0F7D0F820082400020B1490860091D57
:109510000860091D0860091D0860AE48AC49143197
:109520000860704770B504460025207910B1207995
:10953000042800D103E08321A748F6F741FE6079B3
:10954000082805D060790C2802D06079102800D155
:1095500003E08421A048F6F733FE20686FF316007D
:1095600010B9206800B103E085219B48F6F728FE7A
:10957000A07910B1A079012800D103E08621964896
:10958000F6F71EFE924DA07990B328460068216838
:10959000884329460860081D006821688843291D02
:1095A00008602079054428682168084328608848B5
:1095B0000830006821688843854908310860081D23
:1095C00000682168884382490C310860607910285E
:1095D0000FD1081F0068216808437D4908310860E1
:1095E000081D00682168084379490C3108600EE0C5
:1095F00007E0774D607905442868216808432860B2
:1096000005E020790544286821688843286070BDFA
:109610000021016001710C214171002181717047AD
:1096200010B50446E00DC00508B904B103E0C82137
:109630006948F6F7C5FD6648103000682043644964
:109640001031086010BD70B504460025012C3DD0D6
:10965000022C3BD0042C39D0082C37D0102C35D01C
:10966000202C33D0402C31D0802C2FD0B4F5807FEB
:109670002CD0B4F5007F29D0B4F5806F26D0B4F596
:10968000006F23D0B4F5805F20D0B4F5005F1DD00B
:10969000B4F5804F1AD0B4F5004F17D0B4F5803F21
:1096A00014D0B4F5003F11D0B4F5802F0ED0B4F52E
:1096B000002F0BD0B4F5801F08D0B4F5001F05D0E3
:1096C000B4F5800F02D0B4F5000F00D103E0E7211C
:1096D0004148F6F775FD3E4814300068204008B157
:1096E000012500E00025284670BD10B50446E00DB8
:1096F000C00508B904B103E0FD213748F6F760FD65
:1097000033481430046010BD70B504460025012CA8
:109710003DD0022C3BD0042C39D0082C37D0102C53
:1097200035D0202C33D0402C31D0802C2FD0B4F524
:10973000807F2CD0B4F5007F29D0B4F5806F26D07F
:10974000B4F5006F23D0B4F5805F20D0B4F5005F8E
:109750001DD0B4F5804F1AD0B4F5004F17D0B4F532
:10976000803F14D0B4F5003F11D0B4F5802F0ED057
:10977000B4F5002F0BD0B4F5801F08D0B4F5001F4E
:1097800005D0B4F5800F02D0B4F5000F00D104E08D
:109790004FF486711048F6F713FD0D481430006839
:1097A000204008B1012500E00025284670BD10B515
:1097B0000446E00DC00508B904B104E040F22311ED
:1097C0000548F6F7FDFC02481430046010BD0000A7
:1097D000003C0140FFFF7F00341F010810B5044624
:1097E000FC4884421DD0FC4884421AD0FB48844285
:1097F00017D0FB48844214D0FA48844211D0FA486A
:1098000084420ED0F94884420BD0F948844208D0F3
:10981000F848844205D0F848844202D0F748844290
:1098200000D103E08221F648F6F7CAFCE9488442F9
:1098300008D10121084601F01DFA0021012001F0A4
:1098400019FA76E0E448844208D10121022001F0AF
:1098500011FA0021022001F00DFA6AE0DF4884428B
:1098600008D10121042001F005FA0021042001F0B3
:1098700001FA5EE0DA48844208D10121082001F0B3
:10988000F9F90021082001F0F5F952E0D5488442A9
:1098900008D10121102001F0EDF90021102001F084
:1098A000E9F946E0D048844208D10121202001F0A6
:1098B000E1F90021202001F0DDF93AE0CB488442B3
:1098C00008D10121402001F0D5F90021402001F00C
:1098D000D1F92EE0C648844208D10121802001F050
:1098E000C9F90021802001F0C5F922E0C148844275
:1098F00008D10121801501F0BDF90021A01501F06A
:10990000B9F916E0BC48844208D10121401501F0A4
:10991000B1F90021601501F0ADF90AE0B7488442C1
:1099200007D10121001501F0A5F90021201501F052
:10993000A1F910BD2DE9F04104460D46002600278F
:10994000B046A44884421DD0A34884421AD0A348FC
:10995000844217D0A248844214D0A248844211D035
:10996000A14884420ED0A14884420BD0A048844232
:1099700008D0A048844205D09F48844202D09F4826
:10998000844200D103E0CF219D48F6F719FC2888D6
:1099900080B200B103E0D0219948F6F711FC287994
:1099A00040B12879012805D02879022802D02879E9
:1099B000032800D103E0D1219148F6F701FCE879B2
:1099C00028B1E879012802D0E879022800D103E023
:1099D000D2218B48F6F7F4FB002657E0012000FA6D
:1099E00006F7286800EA0708B8454ED120687200DB
:1099F00003219140884320602879710088402168C4
:109A0000084320602879012802D02879022830D123
:109A1000687940B16879012805D06879022802D0B8
:109A20006879032800D103E0E4217548F6F7C8FB04
:109A3000A0687200032191408843A060687971009A
:109A40008840A1680843A060A87910B1A8790128CE
:109A500000D103E0EB216A48F6F7B2FB6168012010
:109A6000B040814361606168A879B04080B2014331
:109A70006160E0687200032191408843E060E8790A
:109A800071008840E1680843E060761C102EA5D381
:109A9000BDE8F0814FF6FF71016000210171417155
:109AA0008171C171704738B504460D464FF480305E
:109AB0000090484884421DD0474884421AD0474805
:109AC000844217D04648844214D04648844211D07C
:109AD000454884420ED0454884420BD044488442D5
:109AE00008D04448844205D04348844202D04348C9
:109AF000844200D104E04FF48D714148F6F760FBD9
:109B0000A8B200B104E040F21B113D48F6F758FB43
:109B10000098284300900098E061E5610098E061BA
:109B2000E0690090E069009038BD70B505460C46CC
:109B30000026284885421DD0274885421AD027484C
:109B4000854217D02648854214D02648854211D038
:109B5000254885420ED0254885420BD024488542B1
:109B600008D02448854205D02348854202D02348A6
:109B7000854200D104E04FF4A4712148F6F720FBA0
:109B8000012C25D0022C23D0042C21D0082C1FD04E
:109B9000102C1DD0202C1BD0402C19D0802C17D07D
:109BA000B4F5807F14D0B4F5007F11D0B4F5806F88
:109BB0000ED0B4F5006F0BD0B4F5805F08D0B4F5CB
:109BC000005F05D0B4F5804F02D0B4F5004F19D135
:109BD0001DE00000000002400004024000080240B6
:109BE000000C024000100240001402400018024025
:109BF000001C0240002002400024024000280240D5
:109C0000881F010840F24911FE48F6F7D9FA286981
:109C1000204008B1012600E00026304670BD10B596
:109C20000446F94884421DD0F84884421AD0F848C6
:109C3000844217D0F748844214D0F748844211D0A8
:109C4000F64884420ED0F64884420BD0F548844250
:109C500008D0F548844205D0F448844202D0F44844
:109C6000844200D104E04FF4B071E648F6F7A8FA58
:109C7000206980B210BD70B505460C460026E2484A
:109C800085421DD0E14885421AD0E148854217D06F
:109C9000E048854214D0E048854211D0DF48854233
:109CA0000ED0DF4885420BD0DE48854208D0DE4822
:109CB000854205D0DD48854202D0DD48854200D18D
:109CC00004E040F27311CF48F6F77AFA012C25D060
:109CD000022C23D0042C21D0082C1FD0102C1DD0F6
:109CE000202C1BD0402C19D0802C17D0B4F5807FAD
:109CF00014D0B4F5007F11D0B4F5806F0ED0B4F558
:109D0000006F0BD0B4F5805F08D0B4F5005F05D0CC
:109D1000B4F5804F02D0B4F5004F00D104E04FF409
:109D2000BA71B848F6F74CFA6869204008B10126C4
:109D300000E00026304670BD10B50446B2488442AB
:109D40001DD0B24884421AD0B148844217D0B148DD
:109D5000844214D0B048844211D0B04884420ED01E
:109D6000AF4884420BD0AF48844208D0AE4884420A
:109D700005D0AE48844202D0AD48844200D104E010
:109D800040F28B119F48F6F71BFA606980B210BD54
:109D900070B504460D469C4884421DD09B488442C1
:109DA0001AD09B48844217D09A48844214D09A48CB
:109DB000844211D0994884420ED0994884420BD0F5
:109DC0009848844208D09848844205D097488442F5
:109DD00002D09748844200D104E040F29F118948A4
:109DE000F6F7EEF9A8B200B104E04FF4D07185485F
:109DF000F6F7E6F9258370BD70B504460D46824836
:109E000084421DD0814884421AD08148844217D0B0
:109E10008048844214D08048844211D07F488442D4
:109E20000ED07F4884420BD07E48844208D07E48C2
:109E3000844205D07D48844202D07D48844200D1CE
:109E400004E04FF4DA716F48F6F7BAF9A8B200B13E
:109E500004E040F2B5116B48F6F7B2F9658370BDC6
:109E600070B505460C461646674885421DD06748C2
:109E700085421AD06648854217D06648854214D07C
:109E80006548854211D0654885420ED064488542B8
:109E90000BD06448854208D06348854205D06348AA
:109EA000854202D06248854200D104E04FF4E5715A
:109EB0005448F6F785F9012C25D0022C23D0042C28
:109EC00021D0082C1FD0102C1DD0202C1BD0402CB2
:109ED00019D0802C17D0B4F5807F14D0B4F5007F52
:109EE00011D0B4F5806F0ED0B4F5006F0BD0B4F57F
:109EF000805F08D0B4F5005F05D0B4F5804F02D084
:109F0000B4F5004F00D104E040F2CB113D48F6F724
:109F100057F90EB1012E00D104E04FF4E671394833
:109F2000F6F74EF90EB12C8300E06C8370BD70B56E
:109F300004460D46344884421DD0344884421AD029
:109F40003348844217D03348844214D03248844284
:109F500011D0324884420ED0314884420BD031486F
:109F6000844208D03048844205D03048844202D030
:109F70002F48844200D104E040F2E3112148F6F773
:109F80001FF9656170BD70B504460D461E488442D8
:109F90001DD01E4884421AD01D48844217D01D4847
:109FA000844214D01C48844211D01C4884420ED0F4
:109FB0001B4884420BD01B48844208D01A48844274
:109FC00005D01A48844202D01948844200D104E0E6
:109FD00040F2F3110B48F6F7F3F8606968406061EE
:109FE00070BD2DE9F04106460D4614460027B846DF
:109FF0000548864236D00548864233D0044886421A
:10A0000030D017E0881F0108000002400004024021
:10A0100000080240000C0240001002400014024000
:10A0200000180240001C02400020024000240240B0
:10A03000002802405648864214D05648864211D025
:10A04000554886420ED0554886420BD05448864229
:10A0500008D05448864205D05348864202D053481F
:10A06000864200D104E040F249215148F6F7A8F8B1
:10A07000EDB1012D1BD0022D19D0032D17D0042DC9
:10A0800015D0052D13D0062D11D0072D0FD0082D7A
:10A090000DD0092D0BD00A2D09D00B2D07D00C2D7A
:10A0A00005D00D2D03D00E2D01D00F2D00D104E0D1
:10A0B00040F24A213E48F6F783F8ECB3092C3FD032
:10A0C000D4B3CCB3C4B3BCB3012C39D038D0022C38
:10A0D00036D035D034D0032C32D0042C30D02FD011
:10A0E0002ED0052C2CD02BD0092C29D0062C27D0F3
:10A0F000092C25D0072C23D022D021D0082C1FD00A
:10A100001ED01DD0092C1BD01AD00A2C18D017D065
:10A110000B2C15D00C2C13D012D00D2C10D00F2CD2
:10A120000ED0052C0CD00BD00AD0082C08D007D0AC
:10A130000C2C05D0062C00E002E001D00E2C00D142
:10A1400004E040F24B211A48F6F73AF86807C00ECF
:10A1500004FA00F7E91006F1200050F82100690721
:10A16000CA0E0F2191408843EA1006F1200141F800
:10A170002200E91006F1200050F8210040EA07080B
:10A18000E91006F1200040F82180BDE8F0810000D0
:10A19000000C02400010024000140240001802406F
:10A1A000001C02400020024000240240002802401F
:10A1B000881F0108F748006840F00100F549086071
:10A1C0000020F44908310860F2480068F24908406C
:10A1D000F0490860F148091D0860F148ED498431F3
:10A1E0000860EE481038091D0860EA48006820F44D
:10A1F0008020E84908600020E6490C310860E54904
:10A200008C310860704710B504461CB1012C01D098
:10A21000052C00D104E040F21F11E248F5F7D0FF11
:10A220000020DC49891C08700846047010BD2DE927
:10A23000F0410446002500260027212C19D0312C9E
:10A2400017D0392C15D0412C13D0612C11D0792C7A
:10A250000FD07A2C0DD07B2C0BD07C2C09D07D2CF0
:10A2600007D07E2C05D07F2C03D03B2C01D03D2C79
:10A2700000D104E040F60241CA48F5F7A1FF65119C
:10A28000012D02D1C348066808E0022D03D1C14860
:10A290007030066802E0BF487430066804F01F059D
:10A2A0000120A840304008B1012700E000273846CF
:10A2B000BDE8F08138B5002000900024002500BFE3
:10A2C0003120FFF7B4FF05460098401C009000982D
:10A2D000B0F5A04F01D0002DF2D03120FFF7A7FF3D
:10A2E00008B1012400E00024204638BD70B50446C2
:10A2F00000251F2C00DC04E040F25711A948F5F7B7
:10A300005FFFA448056825F0F80545EAC405056027
:10A3100070BD10B504460CB1012C00D104E04FF41F
:10A32000BD71A048F5F74CFF9F48046010BD10B503
:10A3300004461CB1012C01D0042C00D104E040F2F1
:10A3400093119848F5F73CFF00209249703108704E
:10A350000870012C02D0042C0AD104E001208D49A0
:10A360007031087005E005208A497031087000E0FE
:10A3700000BF00BF10BD10B504460CB1012C00D1C8
:10A3800004E040F2BB118748F5F71AFF87480460E4
:10A3900010BD2DE9F04105460F4616461C46DDF876
:10A3A000188015B1B5F5800F00D104E040F21E21F0
:10A3B0007C48F5F705FF3F2F00D804E040F21F214D
:10A3C0007848F5F7FDFE322E03D3B6F5D87F00D8D6
:10A3D00004E04FF408717348F5F7F2FE022C05D043
:10A3E000042C03D0062C01D0082C00D104E040F24C
:10A3F00021216C48F5F7E4FEB8F1040F03D3B8F15E
:10A400000F0F00D804E040F222216648F5F7D8FE8D
:10A4100047EA86100121C1EB540140EA014028437C
:10A4200040EA08605B49091D0860BDE8F08110B58D
:10A4300004460CB1012C00D104E040F23621594809
:10A44000F5F7BEFE5848046610BD70B506460C46CA
:10A450001546322E03D3B6F5D87F00D804E040F27B
:10A460009E215048F5F7ACFE022C02D30F2C00D8E9
:10A4700004E040F29F214B48F5F7A2FE022D02D3E3
:10A48000072D00D804E04FF428714648F5F798FEF0
:10A49000B00140EA046040EA05703E49843108603A
:10A4A00070BD10B504460CB1012C00D104E040F29F
:10A4B000DF213C48F5F784FE3B48846610BD70B54B
:10A4C00006460C461546322E03D3B6F5D87F00D883
:10A4D00004E04FF453713348F5F772FE022D02D3B6
:10A4E000072D00D804E040F24D312E48F5F768FE04
:10A4F000022C02D30F2C00D804E040F24E31294840
:10A50000F5F75EFEB00140EA046040EA05702149BB
:10A510008831086070BD10B504460CB1012C00D123
:10A5200004E04FF458711F48F5F74AFE1E480467CF
:10A5300010BD10B504460CB1012C00D104E040F26E
:10A5400072311848F5F73CFE1748C46410BD70B569
:10A5500005460C46002645B1B5F5001F05D0B5F5FA
:10A56000800F02D0B5F5C00F00D104E040F28D316C
:10A570000C48F5F725FE5CB1B4F1806F08D0B4F15A
:10A58000A06F05D0B4F1C06F02D0B4F1E06F0FD16D
:10A5900013E0000000380240FFFFF6EA103000240C
:10A5A00000300020DC1F010800004742800E4742B7
:10A5B00040F28E31F748F5F703FEF748066826F0BB
:10A5C000EC6645EA04000643F348066070BD70B5CA
:10A5D00005460C46002645B1B5F1804F05D0B5F1D2
:10A5E000004F02D0B5F1404F00D104E040F2BA3143
:10A5F000E848F5F7E5FD5CB1B4F1005F08D0B4F1CF
:10A60000205F05D0B4F1405F02D0B4F1605F00D1AB
:10A6100004E040F2BB31DF48F5F7D2FDDE480668C2
:10A6200026F0784645EA04000643DB48066070BD24
:10A6300070B5044600251CB1012C01D0022C00D1BC
:10A6400004E040F28241D348F5F7BAFDD2480568EC
:10A6500025F003052543056070BDCF48006800F074
:10A660000C00704770B5044600257CB1802C0DD0DD
:10A67000902C0BD0A02C09D0B02C07D0C02C05D02A
:10A68000D02C03D0E02C01D0F02C00D104E04FF40A
:10A690009761C048F5F794FDBF48056825F0F005BF
:10A6A0002543056070BD70B5044600255CB1B4F566
:10A6B000805F08D0B4F5A05F05D0B4F5C05F02D0CC
:10A6C000B4F5E05F00D104E040F2D741B148F5F7BE
:10A6D00077FDB148056825F4E0552543056070BD58
:10A6E00070B5044600255CB1B4F5805F08D0B4F5C0
:10A6F000A05F05D0B4F5C05F02D0B4F5E05F00D133
:10A7000004E040F2F641A348F5F75AFDA248056877
:10A7100025F4604545EAC405056070BDF0B500212B
:10A72000002200240225002602239B4F3F6807F0E9
:10A730000C0121B1042905D0082937D105E0974F34
:10A74000076036E0964F076033E0934F3F1F3F6846
:10A75000C7F38056904F3F1F3F6807F03F036EB12D
:10A760008F4FB7FBF3F7DFF830C2ACF1040CDCF825
:10A7700000C0CCF3881C07FB0CF40CE0874FB7FB40
:10A78000F3F7DFF814C2ACF1040CDCF800C0CCF332
:10A79000881C07FB0CF4804F3F1F3F68C7F301473D
:10A7A0007F1C7D00B4FBF5F7076002E07B4F07607C
:10A7B00000BF00BF784F3F6807F0F0010909794FEB
:10A7C0007A5C0768D7404760734F3F6807F4E051F1
:10A7D000890A744F7A5C4768D74087606E4F3F683C
:10A7E00007F46041490B6F4F7A5C4768D740C760F8
:10A7F000F0BD70B504460025B4F5807F5CD0B4F59B
:10A80000007F59D06848844256D06848844253D06B
:10A810006748844250D0674884424DD0664884429D
:10A820004AD06648844247D06548844244D065484F
:10A83000844241D0644884423ED0644884423BD044
:10A840006348844238D06348844235D062488442A9
:10A8500032D0624884422FD0614884422CD0614873
:10A86000844229D06048844226D06048844223D064
:10A870005F48844220D05F4884421DD05E488442B5
:10A880001AD05E48844217D05D48844214D05D4897
:10A89000844211D05C4884420ED05C4884420BD084
:10A8A0005B48844208D05B48844205D05A488442C1
:10A8B00002D05A48844200D104E040F2C3513548E6
:10A8C000F5F77EFC04F44070B0F5407F09D13248C2
:10A8D000056825F4F815524904EA010005432E489D
:10A8E00005602D4868300068C4F30B0108432A490D
:10A8F0006831086070BD10B504460CB1012C00D160
:10A9000004E040F2E1512348F5F75AFC4548046061
:10A9100010BD10B504460CB1012C00D104E040F28A
:10A92000F2511C48F5F74CFC3E48001D046010BD78
:10A9300010B504460CB1012C00D104E040F2AE6128
:10A940001448F5F73DFC3848046010BD70B5044666
:10A950000025B4F5801F03D014B1B4F5001F00D159
:10A9600004E040F2CB610B48F5F72AFC0A4884303A
:10A97000056825F440152543056070BD70B5044693
:10A980000025B4F5800F03D014B1B4F5000F4DD1FC
:10A9900051E00000DC1F0108083802400024F400E8
:10A9A00000127A0068020020000302000003030086
:10A9B0000003040000030500000306000003070075
:10A9C000000308000003090000030A0000030B0055
:10A9D00000030C0000030D0000030E0000030F0035
:10A9E0000003100000031100000312000003130015
:10A9F00000031400000315000003160000031700F5
:10AA0000000318000003190000031A0000031B00D4
:10AA100000031C0000031D0000031E0000031F00B4
:10AA2000FFFCFF0F3C0E47425C01474240F2EF61E2
:10AA3000FA48F5F7C5FBFA48056825F440052543B3
:10AA4000056070BD70B504460025012C02D3202C92
:10AA500000D804E04FF4E261F048F5F7B1FBF048AC
:10AA6000056825F01F05601E0543ED48056070BDB3
:10AA700070B504460025012C02D3202C00D804E038
:10AA80004FF4E661E548F5F79BFBE548056825F4DA
:10AA9000F855601E45EA0025E148056070BD70B5B7
:10AAA0000446002544B1B4F5803F05D0B4F5003F1D
:10AAB00002D0B4F5403F00D104E040F29371D74892
:10AAC000F5F77EFBD648056825F44035254305603B
:10AAD00070BD10B504460CB1012C00D104E040F665
:10AAE0001101CE48F5F76CFBCE48046010BD70B57F
:10AAF00004460D46CC48204008B904B104E040F6B5
:10AB00003B01C648F5F75CFB0DB1012D00D104E017
:10AB100040F63D01C148F5F753FB3DB1C0485C38F4
:10AB200000682043BE495C39086006E0BC485C38D8
:10AB30000068A043BA495C39086070BD70B504462E
:10AB40000D4624F0F10008B904B104E040F65B01C1
:10AB5000B248F5F735FB0DB1012D00D104E040F608
:10AB60005C01AE48F5F72CFB3DB1AD4858380068A4
:10AB70002043AB495839086006E0A94858380068B6
:10AB8000A043A7495839086070BD70B504460D460A
:10AB900024F0010008B904B104E040F679019F48AF
:10ABA000F5F70EFB0DB1012D00D104E040F67A015E
:10ABB0009A48F5F705FB3DB19948543800682043A1
:10ABC00097495439086006E0954854380068A04316
:10ABD00093495439086070BD70B504460D4604F4BD
:10ABE000585008B904B104E040F6B2018B48F5F7BB
:10ABF000E7FA0DB1012D00D104E040F6B30187481A
:10AC0000F5F7DEFA3DB186484C38006820438449A8
:10AC10004C39086006E082484C380068A0438049FF
:10AC20004C39086070BD70B504460D467F48204021
:10AC300008B904B104E040F6E6017848F5F7C0FA37
:10AC40000DB1012D00D104E040F6E7017348F5F79E
:10AC5000B7FA3DB172484838006820437049483916
:10AC6000086006E06E4848380068A0436C494839DF
:10AC7000086070BD70B504460D466D48204008B9A7
:10AC800004B104E04FF411616448F5F799FA0DB18D
:10AC9000012D00D104E040F611116048F5F790FA5B
:10ACA0003DB15F487C38006820435D497C390860CD
:10ACB00006E05B487C380068A04359497C3908604D
:10ACC00070BD70B504460D4624F0F10008B904B11A
:10ACD00004E040F62D115148F5F772FA0DB1012D3F
:10ACE00000D104E040F62E114C48F5F769FA3DB169
:10ACF0004B4878380068204349497839086006E0B5
:10AD0000474878380068A04345497839086070BDE5
:10AD100070B504460D4624F0010008B904B104E002
:10AD200040F648113D48F5F74BFA0DB1012D00D121
:10AD300004E040F649113948F5F742FA3DB1384888
:10AD400074380068204336497439086006E0344896
:10AD500074380068A04332497439086070BD70B51A
:10AD600004460D4604F4585008B904B104E040F616
:10AD70007E112A48F5F724FA0DB1012D00D104E027
:10AD800040F67F112548F5F71BFA3DB124486C3891
:10AD90000068204322496C39086006E020486C387E
:10ADA0000068A0431E496C39086070BD70B5044648
:10ADB0000D462048204008B904B104E040F6AD112A
:10ADC0001648F5F7FDF90DB1012D00D104E040F66C
:10ADD000AE111248F5F7F4F93DB111486838006832
:10ADE00020430F496839086006E00D48683800685C
:10ADF000A0430B496839086070BD70B504460D4624
:10AE00000D48204008B904B104E040F6DE110348C3
:10AE1000F5F7D6F90DB1012D10D114E0DC1F0108B2
:10AE20008C380240E011474200E80B010C0008F0AA
:10AE300000E81F050C8608F20068100140F6DF11DB
:10AE40009548F5F7BDF92DB1944800682043934922
:10AE5000086004E091480068A0439049086070BD14
:10AE600070B504460D4624F0F10008B904B104E0C1
:10AE700040F6FE118848F5F7A3F90DB1012D00D178
:10AE800004E040F6FF118448F5F79AF93DB1834894
:10AE9000001D006820438149091D086006E07F48C5
:10AEA000001D0068A0437D49091D086070BD70B594
:10AEB00004460D4624F0010008B904B104E040F650
:10AEC0001C217548F5F77CF90DB1012D00D104E086
:10AED00040F61D217048F5F773F93DB16F48083011
:10AEE000006820436D490831086006E06B4808306F
:10AEF0000068A04369490831086070BD70B5044618
:10AF00000D4604F4585008B904B104E040F6552148
:10AF10006148F5F755F90DB1012D00D104E040F677
:10AF200056215D48F5F74CF93DB15C48103000689A
:10AF300020435A491031086006E058481030006834
:10AF4000A04356491031086070BD70B504460D46E7
:10AF50005348204008B904B104E040F689214E4826
:10AF6000F5F72EF90DB1012D00D104E040F68A214C
:10AF70004948F5F725F93DB14848143000682043A9
:10AF800046491431086006E0444814300068A04384
:10AF900042491431086070BD10B504460CB1012C53
:10AFA00000D104E040F6A1213B48F5F709F9012C56
:10AFB00008D13A482030006840F008003749203175
:10AFC000086007E035482030006820F00800334969
:10AFD0002031086010BD70B504460D4604F08000B5
:10AFE00008B904B104E040F6D9312B48F5F7E8F888
:10AFF0000DB1012D00D104E040F6DA312648F5F715
:10B00000DFF83DB1254843380078204323494339D0
:10B01000087006E0214843380078A0431F494339AF
:10B02000087070BD1D482430006840F080701B49D6
:10B0300024310860704770B504460025012C0DD0FE
:10B04000022C0BD0042C09D0082C07D0102C05D0D2
:10B05000802C03D0402C01D0202C00D104E040F6FD
:10B0600041410D48F5F7ACF80C48443800682040E1
:10B0700008B1012500E00025284670BD10B5044642
:10B0800004B104E040F661410348F5F799F803483C
:10B090004238047010BD0000DC1F01085038024027
:10B0A0000C0008F010B50446FE48844226D0B4F1E6
:10B0B000804F23D0FC48844220D0FC4884421DD0DD
:10B0C000FB4884421AD0FB48844217D0FA48844295
:10B0D00014D0FA48844211D0F94884420ED0F9487D
:10B0E00084420BD0F848844208D0F848844205D006
:10B0F000F748844202D0F748844200D103E0CB21D4
:10B10000F548F5F75DF8E748844208D10121084683
:10B11000FFF74CFE00210120FFF748FE9DE0B4F14F
:10B12000804F08D101210846FFF719FE00210120B8
:10B13000FFF715FE91E0DC48844208D1012102208E
:10B14000FFF70DFE00210220FFF709FE85E0D7483A
:10B15000844208D101210420FFF701FE00210420D0
:10B16000FFF7FDFD79E0D248844208D10121082093
:10B17000FFF7F5FD00210820FFF7F1FD6DE0CD4858
:10B18000844208D101211020FFF7E9FD00211020A1
:10B19000FFF7E5FD61E0C848844208D10121202085
:10B1A000FFF7DDFD00212020FFF7D9FD55E0C34862
:10B1B000844208D101210220FFF7F8FD002102207E
:10B1C000FFF7F4FD49E0BE48844209D1012108049B
:10B1D000FFF7ECFD00214FF48030FFF7E7FD3CE086
:10B1E000B848844209D101214804FFF7DFFD00215E
:10B1F0004FF40030FFF7DAFD2FE0B348844209D165
:10B2000001218804FFF7D2FD00214FF48020FFF7D1
:10B21000CDFD22E0AD48844208D101214020FFF756
:10B220009EFD00214020FFF79AFD16E0A8488442C9
:10B2300008D101218020FFF792FD00218020FFF737
:10B240008EFD0AE0A348844207D101218015FFF753
:10B2500086FD0021A015FFF782FD10BD70B50446E4
:10B260000D4600268F48844226D0B4F1804F23D06B
:10B270008D48844220D08D4884421DD08C48844221
:10B280001AD08C48844217D08B48844214D08B4803
:10B29000844211D08A4884420ED08A4884420BD01E
:10B2A0008948844208D08948844205D0884884422D
:10B2B00002D08848844200D104E040F2251186483B
:10B2C000F4F77EFF688858B16888102808D068882D
:10B2D000202805D06888402802D06888602800D1DE
:10B2E00004E04FF493717C48F4F76AFF288938B181
:10B2F0002889B0F5807F03D02889B0F5007F00D180
:10B3000004E040F227117448F4F75AFF2688654894
:10B3100084420ED0694884420BD0B4F1804F08D0EB
:10B320006148844205D06148844202D0604884422A
:10B3300004D14FF68F700640688806435D4884420A
:10B3400007D05D48844204D04FF6FF40064028896C
:10B35000064326806868E062288820855148844238
:10B3600002D05648844201D1A87A20860120A082CA
:10B3700070BD4FF0FF3141600021018001814180AB
:10B380008172704770B504460E46154645488442A2
:10B3900026D0B4F1804F23D04348844220D0434884
:10B3A00084421DD0424884421AD04248844217D079
:10B3B0004148844214D04148844211D040488442DC
:10B3C0000ED0404884420BD03F48844208D03F48CA
:10B3D000844205D03E48844202D03E48844200D197
:10B3E00004E040F26B113C48F4F7EAFE0DB1012D88
:10B3F00000D104E04FF4B6713748F4F7E1FE26853A
:10B40000A58270BD70B504460D46002625488442CD
:10B410000ED0B4F1804F0BD02348844208D023488B
:10B42000844205D02248844202D02448844200D17C
:10B4300004E04FF4C2712848F4F7C2FE3DB1102D6C
:10B4400005D0202D03D0402D01D0602D00D104E087
:10B4500040F285112048F4F7B3FE26884FF68F702E
:10B4600006402E43268070BD70B504460D460D483B
:10B47000844243D0B4F1804F40D00B4884423DD049
:10B480000A4884423AD00A48844237D00948844264
:10B4900034D00948844231D0084884422ED008482C
:10B4A00084421BE00000014000040040000800400E
:10B4B000000C004000100040001400400004014057
:10B4C0000040014000440140004801400018004095
:10B4D000001C004000200040302001080ED0FC4835
:10B4E00084420BD0FB48844208D0FB48844205D0FC
:10B4F000FA48844202D0FA48844200D104E04FF472
:10B50000CE71F848F4F75CFE656270BD70B5044614
:10B510000D46F548844226D0B4F1804F23D0F3483D
:10B52000844220D0F24884421DD0F24884421AD08E
:10B53000F148844217D0F148844214D0F048844244
:10B5400011D0F04884420ED0E14884420BD0E1484B
:10B55000844208D0E048844205D0E048844202D0CA
:10B56000DF48844200D104E040F2AB11DD48F4F73B
:10B5700027FEE56270BD10B50446DB48844226D044
:10B58000B4F1804F23D0D948844220D0D848844297
:10B590001DD0D84884421AD0D748844217D0D74803
:10B5A000844214D0D648844211D0D64884420ED06A
:10B5B000C74884420BD0C748844208D0C64884425A
:10B5C00005D0C648844202D0C548844200D104E078
:10B5D00040F2B911C348F4F7F3FD606A10BD10B52D
:10B5E0000446C148844226D0B4F1804F23D0BF48DE
:10B5F000844220D0BE4884421DD0BE4884421AD026
:10B60000BD48844217D0BD48844214D0BC4884420F
:10B6100011D0BC4884420ED0AD4884420BD0AD4816
:10B62000844208D0AC48844205D0AC48844202D061
:10B63000AB48844200D104E040F2C711A948F4F7B6
:10B64000BFFD208D10BD70B504460D46A64884424E
:10B6500026D0B4F1804F23D0A448844220D0A448FF
:10B6600084421DD0A34884421AD0A348844217D0F4
:10B67000A248844214D0A248844211D0A1488442F6
:10B680000ED0934884420BD09248844208D092480E
:10B69000844205D09148844202D09148844200D12E
:10B6A00004E040F2D7118F48F4F78AFD0DB1012D67
:10B6B00000D104E04FF4EC718A48F4F781FD25B124
:10B6C000208840F00200208004E020884FF6FD71C1
:10B6D0000840208070BD70B504460D468248844203
:10B6E00026D0B4F1804F23D08048844220D08048B7
:10B6F00084421DD07F4884421AD07F48844217D0AC
:10B700007E48844214D07E48844211D07D488442D1
:10B710000ED06F4884420BD06E48844208D06E48E9
:10B72000844205D06D48844202D06D48844200D1E5
:10B7300004E04FF4FA716B48F4F742FD0DB1012DAE
:10B7400000D104E040F2F5116648F4F739FD25B167
:10B75000208840F00400208004E020884FF6FB7130
:10B760000840208070BD70B504460D465E48844296
:10B7700026D0B4F1804F23D05C48844220D05C486E
:10B7800084421DD05B4884421AD05B48844217D063
:10B790005A48844214D05A48844211D059488442AD
:10B7A0000ED04B4884420BD04A48844208D04A48C5
:10B7B000844205D04948844202D04948844200D19D
:10B7C00004E040F20D214748F4F7FAFC0DB1012DD9
:10B7D00000D104E040F20E214248F4F7F1FC25B11B
:10B7E000208840F08000208004E020884FF67F71A0
:10B7F0000840208070BD70B504460D463A4884422A
:10B8000026D0B4F1804F23D03848844220D0384825
:10B8100084421DD0374884421AD03748844217D01A
:10B820003648844214D03648844211D03548844288
:10B830000ED0274884420BD02648844208D02648A0
:10B84000844205D02548844202D02548844200D154
:10B8500004E04FF40A712348F4F7B2FC082D00D03D
:10B8600005B904E040F229211E48F4F7A9FC20881C
:10B870004FF6F7710840208020882843208070BD53
:10B8800070B504460D461848844220D0B4F1804F6C
:10B890001DD0164884421AD01548844217D0154846
:10B8A000844214D01648844211D0164884420ED0E7
:10B8B000074884420BD00748844208D00648844297
:10B8C00005D00648844202D0054884421CD120E0BD
:10B8D000004401400048014000180040001C0040A6
:10B8E000002000403020010800000140000400401A
:10B8F00000080040000C0040001000400014004010
:10B90000000401400040014040F23F21FC48F4F7B0
:10B9100057FC2DB1B5F5807F02D0B5F5007F00D181
:10B9200004E04FF41071F648F4F74AFC20884FF613
:10B93000FF410840208020882843208070BD70B5DA
:10B9400004460D46EF48844226D0B4F1804F23D000
:10B95000ED48844220D0ED4884421DD0EC4884421A
:10B960001AD0EC48844217D0EB48844214D0EB48FC
:10B97000844211D0EA4884420ED0EA4884420BD077
:10B98000E948844208D0E948844205D0E848844226
:10B9900002D0E848844200D104E040F25321D84864
:10B9A000F4F70EFC0DB1012D00D104E04FF4157138
:10B9B000D348F4F705FC25B1208840F00100208031
:10B9C00004E020884FF6FE710840208070BD2DE90C
:10B9D000F04105460C464FF0000800260027C948F4
:10B9E000854220D0B5F1804F1DD0C74885421AD07E
:10B9F000C648854217D0C648854214D0C7488542FC
:10BA000011D0C74885420ED0C64885420BD0C648E3
:10BA1000854208D0C548854205D0C548854202D038
:10BA2000C448854200D104E040F2A621B448F4F7AE
:10BA3000C7FB208870B1208810280BD020882028D0
:10BA400008D02088302805D02088602802D020889F
:10BA5000702800D104E040F2A721A948F4F7B0FB18
:10BA6000608810B16088012800D104E04FF42A7189
:10BA7000A348F4F7A5FBA08910B1A089022800D142
:10BA800004E040F2A9219E48F4F79AFB288C4FF677
:10BA9000FE71084028842E8CAF88B5F818804FF6C8
:10BAA0008F7008EA0008881E08EA0008208840EA2B
:10BAB0000808481E0640A08906436088064391484E
:10BAC000854202D09548854241D1A08810B1A08816
:10BAD000042800D104E040F2C6218948F4F770FB45
:10BAE000E08910B1E089082800D104E040F2C721C4
:10BAF0008348F4F765FB608AB0F5007F01D0608A67
:10BB000000B904E04FF432717D48F4F759FB208A04
:10BB1000B0F5807F01D0208A00B904E040F2C9214D
:10BB20007748F4F74DFB4FF6F7700640E08906437F
:10BB30004FF6FB700640A08806434FF6FF600740B3
:10BB40004FF6FF500740208A0743608A0743AF80C3
:10BB5000A5F81880A06868632E84BDE8F0812DE9FF
:10BB6000F04105460C464FF00008002600276548C6
:10BB7000854214D0B5F1804F11D0634885420ED074
:10BB8000624885420BD06248854208D063488542AE
:10BB900005D06348854202D06448854200D104E064
:10BBA00040F2F7215648F4F70BFB208870B120884B
:10BBB00010280BD02088202808D02088302805D0D5
:10BBC0002088602802D02088702800D104E04FF43B
:10BBD0003E714B48F4F7F4FA608810B16088012890
:10BBE00000D104E040F2F9214548F4F7E9FAA089D0
:10BBF00010B1A089022800D104E040F2FA214048A7
:10BC0000F4F7DEFA288C4FF6EF71084028842E8C6A
:10BC1000AF88B5F8188048F6FF7008EA00084FF6BC
:10BC2000FF4008EA000820884FF6FF7101EA002073
:10BC300040EA08084FF6DF700640A08901EA0010CC
:10BC40000643608801EA001006432E48854202D070
:10BC5000324885424BD1A08810B1A088042800D179
:10BC600004E04FF446712648F4F7AAFAE08910B1CF
:10BC7000E089082800D104E040F219312048F4F7A7
:10BC80009FFA608AB0F5007F01D0608A00B904E0B5
:10BC900040F21A311A48F4F793FA208AB0F5807FFF
:10BCA00001D0208A00B904E040F21B311448F4F7B7
:10BCB00087FA4FF67F700640E0894FF6FF7101EA80
:10BCC000001006434FF6BF700640A08801EA00103E
:10BCD00006434FF6FF3007404FF2FF700740208ABF
:10BCE00001EA80000743608A01EA80000743AF80D1
:10BCF000A5F81880A068A8632E84BDE8F081000034
:10BD0000302001080000014000040040000800400D
:10BD1000000C0040001000400014004000040140EE
:10BD2000004001400044014000480140001800402C
:10BD3000001C0040002000402DE9F04105460C4663
:10BD40004FF0000800260027FE4885420ED0B5F1CE
:10BD5000804F0BD0FC48854208D0FC48854205D076
:10BD6000FB48854202D0FB48854200D104E04FF4F5
:10BD70005271F948F4F724FA208870B1208810280D
:10BD80000BD02088202808D02088302805D0208893
:10BD9000602802D02088702800D104E040F24931A8
:10BDA000ED48F4F70DFA608810B16088012800D1E1
:10BDB00004E040F24A31E848F4F702FAA08910B1F1
:10BDC000A089022800D104E040F24B31E248F4F7A8
:10BDD000F7F9288C4FF6FF61084028842E8CAF8835
:10BDE000B5F81C804FF68F7008EA00084FF6FC701B
:10BDF00008EA0008208840EA08084FF6FF5006408D
:10BE0000A0894FF6FF7101EA00200643608801EA2D
:10BE100000200643CB48854202D0CE4885424BD114
:10BE2000A08810B1A088042800D104E04FF45A7112
:10BE3000C948F4F7C5F9E08910B1E089082800D1B4
:10BE400004E040F26931C448F4F7BAF9608AB0F509
:10BE5000007F01D0608A00B904E040F26A31BE4838
:10BE6000F4F7AEF9208AB0F5807F01D0208A00B9BE
:10BE700004E040F26B31B848F4F7A2F94FF2FF70DA
:10BE80000640E0894FF6FF7101EA002006434FF6B5
:10BE9000FF300640A08801EA002006434EF6FF70FE
:10BEA00007404DF6FF700740208A01EA0010074363
:10BEB000608A01EA00100743AF80A5F81C80A068E3
:10BEC000E8632E84BDE8F0812DE9F04104460D467B
:10BED00000270026B0469B4884420ED0B4F1804F24
:10BEE0000BD09948844208D09848844205D098489D
:10BEF000844202D09748844200D104E04FF4667136
:10BF00009548F4F75DF9288870B1288810280BD07F
:10BF10002888202808D02888302805D0288860283C
:10BF200002D02888702800D104E040F299318A4874
:10BF3000F4F746F9688810B16888012800D104E058
:10BF400040F29A318448F4F73BF9A88910B1A889E6
:10BF5000022800D104E040F29B317F48F4F730F929
:10BF6000208C4EF6FF7108402084268CB4F80480A3
:10BF7000A78B48F6FF7007404FF6FF400740288820
:10BF80004FF6FF7101EA002007434DF6FF700640AF
:10BF9000A88901EA00300643688801EA00300643B8
:10BFA0006848844202D06B48844216D1288AB0F592
:10BFB000807F01D0288A00B904E040F2B931664898
:10BFC000F4F7FEF84BF6FF7008EA0008288A4FF6EF
:10BFD000FF7101EA801040EA0808A4F80480A783F2
:10BFE000A86820642684BDE8F0810021018041809A
:10BFF000818081608181C1810182418270472DE908
:10C00000F04104460F4615460026B0464D4884428E
:10C0100020D0B4F1804F1DD04B4884421AD04B48F9
:10C02000844217D04A48844214D04A48844211D0EE
:10C030004A4884420ED04A4884420BD04948844240
:10C0400008D04948844205D04848844202D0484834
:10C05000844200D104E04FF47F713F48F4F7B0F818
:10C060002FB1042F03D0082F01D00C2F00D104E0F2
:10C0700040F2FD313848F4F7A3F86DB1102D0BD024
:10C08000202D09D0302D07D0602D05D0702D03D084
:10C09000502D01D0402D00D104E040F2FE312E4859
:10C0A000F4F78EF8264618360120B8401FFA80F8BB
:10C0B000208C20EA080020840FB1082F0AD106EB5B
:10C0C000670630684FF68F7108403060306828434B
:10C0D00030600FE0381FC0F34E000644306848F669
:10C0E000FF710840306030684FF6FF7101EA0521AA
:10C0F00008433060BDE8F08170B504460D46114834
:10C10000844239D0B4F1804F36D00F48844233D0C6
:10C110000E48844230D00E4884422DD00D488442CF
:10C120002AD00E48844227D00D48844224D00D489E
:10C13000844221D00C4884421ED00C4884421BD03B
:10C140000B4817E0000001400004004000080040D8
:10C15000000C004000040140302001080040014074
:10C16000004401400048014000180040001C00400D
:10C1700000200040844200D104E040F22741FB4807
:10C18000F4F71EF8656370BD70B504460D46F848B7
:10C19000844214D0B4F1804F11D0F64884420ED0BE
:10C1A000F54884420BD0F548844208D0F4488442D4
:10C1B00005D0F448844202D0F348844200D104E020
:10C1C00040F23741E948F3F7FBFFA56370BD70B556
:10C1D00004460D46E64884420ED0B4F1804F0BD0A1
:10C1E000E448844208D0E448844205D0E3488442CD
:10C1F00002D0E348844200D104E040F24641DB48EB
:10C20000F3F7DEFFE56370BD70B504460D46D84810
:10C2100084420ED0B4F1804F0BD0D648844208D06F
:10C22000D548844205D0D548844202D0D4488442BF
:10C2300000D104E040F25541CC48F3F7C1FF25643A
:10C2400070BD70B504460D460026C948844220D012
:10C25000B4F1804F1DD0C74884421AD0C6488442EA
:10C2600017D0C648844214D0C548844211D0C5486E
:10C2700084420ED0C54884420BD0C548844208D0C1
:10C28000C148844205D0C348844202D0C248844297
:10C2900000D104E040F26941B448F3F791FF502D1A
:10C2A00001D0402D00D104E040F26A41AF48F3F7DD
:10C2B00087FF268B4FF68F7006402E43268370BD76
:10C2C00070B504460D460026A948844214D0B4F146
:10C2D000804F11D0A74884420ED0A74884420BD08B
:10C2E000A648844208D0A648844205D0A548844286
:10C2F00002D0A548844200D104E040F286419B4828
:10C30000F3F75EFF502D01D0402D00D104E040F244
:10C3100087419648F3F754FF268B48F6FF70064096
:10C320004FF6FF7000EA05200643268370BD70B506
:10C3300004460D4600268E4884420ED0B4F1804F4C
:10C340000BD08C48844208D08B48844205D08B485F
:10C35000844202D08A48844200D104E040F2A241E3
:10C360008248F3F72DFF502D01D0402D00D104E07D
:10C3700040F2A3417D48F3F723FFA68B4FF68F7061
:10C3800006402E43A68370BD70B504460D460026B8
:10C39000774884420ED0B4F1804F0BD07548844268
:10C3A00008D07548844205D07448844202D074484D
:10C3B000844200D104E040F2BF416C48F3F700FF33
:10C3C000502D01D0402D00D104E04FF49861674812
:10C3D000F3F7F6FEA68B48F6FF7006404FF6FF70A7
:10C3E00000EA05200643A68370BD70B504460D46DD
:10C3F00000265F48844220D0B4F1804F1DD05D48B4
:10C4000084421AD05C48844217D05C48844214D0DD
:10C410005B48844211D05B4884420ED05B48844222
:10C420000BD05B48844208D05748844205D0594815
:10C43000844202D05848844200D104E040F2DB41FB
:10C440004A48F3F7BDFE082D00D005B904E040F2DC
:10C45000DC414648F3F7B4FE268B4FF6F7700640F2
:10C460002E43268370BD70B504460D460026404815
:10C47000844214D0B4F1804F11D03E4884420ED093
:10C480003D4884420BD03D48844208D03C48844219
:10C4900005D03C48844202D03B48844200D104E0AD
:10C4A00040F2F9413148F3F78BFE082D00D005B971
:10C4B00004E040F2FA412D48F3F782FE268B4FF25A
:10C4C000FF7006404FF6FF7000EA05200643268302
:10C4D00070BD70B504460D460026254884420ED036
:10C4E000B4F1804F0BD02348844208D022488442C4
:10C4F00005D02248844202D02148844200D104E081
:10C5000040F216511948F3F75BFE082D00D005B92B
:10C5100004E040F217511548F3F752FEA68B4FF690
:10C52000F77006402E43A68370BD70B504460D46D5
:10C5300000260F4884420ED0B4F1804F0BD00D4836
:10C54000844208D00C48844205D00C48844202D072
:10C550000B48844200D104E040F233510348F3F722
:10C560002FFE082D00D0CDB91DE0000030200108BD
:10C57000000001400004004000080040000C0040A2
:10C580000004014000400140001800400044014008
:10C5900000480140001C00400020004040F234519F
:10C5A000FA48F3F70DFEA68B4FF2FF7006404FF6E8
:10C5B000FF7000EA05200643A68370BD70B50446EF
:10C5C0000D460026F248844220D0B4F1804F1DD0A1
:10C5D000F04884421AD0F048844217D0EF48844291
:10C5E00014D0EF48844211D0EE4884420ED0EE4879
:10C5F00084420BD0ED48844208D0ED48844205D0F7
:10C60000EC48844202D0EC48844200D104E04FF46C
:10C61000AA61DE48F3F7D4FD042D00D005B904E08B
:10C6200040F25151D948F3F7CBFD268B4FF6FB7002
:10C6300006402E43268370BD70B504460D46002685
:10C64000D348844214D0B4F1804F11D0D1488442F1
:10C650000ED0D14884420BD0D048844208D0D04874
:10C66000844205D0CF48844202D0D148844200D1D0
:10C6700004E040F26F51C548F3F7A2FD042D00D04D
:10C6800005B904E04FF4AE61C048F3F799FD268B7D
:10C690004FF6FF3006404FF6FF7000EA05200643D4
:10C6A000268370BD70B504460D460026B848844206
:10C6B0000ED0B4F1804F0BD0B648844208D0B648B3
:10C6C000844205D0B548844202D0B548844200D1A6
:10C6D00004E040F28D51AD48F3F772FD042D00D017
:10C6E00005B904E040F28E51A848F3F769FDA68B26
:10C6F0004FF6FB7006402E43A68370BD70B504460E
:10C700000D460026A24884420ED0B4F1804F0BD0D3
:10C71000A048844208D0A048844205D09F48844263
:10C7200002D09F48844200D104E040F2AB519748C8
:10C73000F3F746FD042D00D005B904E040F2AC51FA
:10C740009248F3F73DFDA68B4FF6FF3006404FF6BB
:10C75000FF7000EA05200643A68370BD70B504464D
:10C760000D4600268A48844220D0B4F1804F1DD067
:10C77000884884421AD08848844217D08748844227
:10C7800014D08748844211D0864884420ED086480F
:10C7900084420BD08548844208D08548844205D025
:10C7A0008448844202D08448844200D104E040F2AC
:10C7B000C9517648F3F704FD802D00D005B904E097
:10C7C00040F2CA517148F3F7FBFC268B4FF67F709D
:10C7D00006402E43268370BD70B504460D460026E4
:10C7E0006B48844214D0B4F1804F11D06948844220
:10C7F0000ED0694884420BD06848844208D068480B
:10C80000844205D06748844202D06948844200D1FE
:10C8100004E040F2E7515D48F3F7D2FC802D00D0F0
:10C8200005B904E04FF4BD615848F3F7C9FC268B05
:10C83000C6F30E064FF6FF7000EA05200643268376
:10C8400070BD70B504460D460026514884420ED096
:10C85000B4F1804F0BD04F48844208D04E488442F8
:10C8600005D04E48844202D04D48844200D104E0B5
:10C8700040F204614548F3F7A3FC802D00D005B9D0
:10C8800004E040F205614148F3F79AFCA68B4FF6AD
:10C890007F7006402E43A68370BD70B504460D46DA
:10C8A00000263B4884420ED0B4F1804F0BD039486B
:10C8B000844208D03848844205D03848844202D0A7
:10C8C0003748844200D104E040F221612F48F3F759
:10C8D00077FC802D00D005B904E040F222612B489E
:10C8E000F3F76EFCA68BC6F30E064FF6FF7000EA58
:10C8F00005200643A68370BD70B504460D4600268C
:10C900002348844220D0B4F1804F1DD02148844276
:10C910001AD02148844217D02048844214D020489D
:10C92000844211D01F4884420ED01F4884420BD04D
:10C930001E48844208D01E48844205D01D488442C7
:10C9400002D01D48844200D104E040F23E610F480D
:10C95000F3F736FC0DB1022D00D104E040F23F6147
:10C960000A48F3F72DFC268C4FF6FD7006402E4347
:10C97000268470BD70B504460D46002604488442E6
:10C9800002D00748844219D11DE000003020010880
:10C99000000001400004004000080040000C00407E
:10C9A00000040140004001400044014000480140B3
:10C9B00000180040001C0040002000404FF4CB61F4
:10C9C000FC48F3F7FDFB0DB1082D00D104E040F267
:10C9D0005961F848F3F7F4FB268C4FF6F7700640E0
:10C9E0002E43268470BD70B504460D460026F248DD
:10C9F000844214D0B4F1804F11D0F04884420ED05C
:10CA0000EF4884420BD0EF48844208D0EE4884427D
:10CA100005D0EE48844202D0ED48844200D104E0C3
:10CA200040F27461E348F3F7CBFB0DB1022D00D166
:10CA300004E040F27561DF48F3F7C2FB268C4FF645
:10CA4000DF7006404FF6FF7000EA051006432684AB
:10CA500070BD70B504460D460026D748844202D00A
:10CA6000D948844200D104E040F28F61D148F3F705
:10CA7000A7FB0DB1082D00D104E04FF4D261CD48E1
:10CA8000F3F79EFB268C4FF67F7006404FF6FF7043
:10CA900000EA05100643268470BD70B504460D46B5
:10CAA0000026C54884420ED0B4F1804F0BD0C34855
:10CAB000844208D0C248844205D0C248844202D091
:10CAC000C148844200D104E040F2AA61B948F3F7BA
:10CAD00077FB0DB1022D00D104E040F2AB61B54807
:10CAE000F3F76EFB268C4FF6FF5006404FF6FF70B3
:10CAF00000EA05200643268470BD70B504460D4645
:10CB00000026AD48844202D0AF48844200D104E000
:10CB100040F2C561A748F3F753FB0DB1082D00D1D2
:10CB200004E040F2C661A348F3F74AFB268C4FF2BB
:10CB3000FF7006404FF6FF7000EA0520064326848A
:10CB400070BD70B504460D4600269B4884420ED049
:10CB5000B4F1804F0BD09948844208D09848844261
:10CB600005D09848844202D09748844200D104E01E
:10CB70004FF4DC618F48F3F723FB0DB1022D00D198
:10CB800004E040F2E1618B48F3F71AFB268C4DF686
:10CB9000FF7006404FF6FF7000EA0530064326841A
:10CBA00070BD2DE9F04104460D4616460027824827
:10CBB000844220D0B4F1804F1DD0804884421AD0E6
:10CBC0007F48844217D07F48844214D07E488442F4
:10CBD00011D07E4884420ED07E4884420BD07E48DD
:10CBE000844208D07A48844205D07C48844202D0EE
:10CBF0007B48844200D104E040F2FF616D48F3F7C6
:10CC0000DFFA2DB1042D03D0082D01D00C2D00D159
:10CC100004E04FF4E0616748F3F7D2FA012E00D048
:10CC200006B904E040F201716248F3F7C9FA012045
:10CC3000A84087B2208CB8432084208C06FA05F1E6
:10CC400089B208432084BDE8F0812DE9F041044613
:10CC50000D46164600275848844202D05A4884425E
:10CC600000D104E040F21D715248F3F7A9FA1DB15A
:10CC7000042D01D0082D00D104E040F21E714D4872
:10CC8000F3F79EFA042E00D006B904E040F21F71BB
:10CC90004848F3F795FA0420A84087B2208CB8439F
:10CCA0002084208C06FA05F189B208432084BDE86F
:10CCB000F08170B504460D463F4884420ED0B4F171
:10CCC000804F0BD03D48844208D03D48844205D077
:10CCD0003C48844202D03C48844200D104E040F603
:10CCE0007B013448F3F76CFA2DB1042D03D0082DE5
:10CCF00001D00C2D00D104E040F67C012D48F3F763
:10CD00005FFAA08B4FF2FF310840A083A08B4FF653
:10CD1000FF7101EA05210843A08370BDF0B50C4600
:10CD20001546002100220026078C4EF6FF7C07EAFC
:10CD30000C070784818B028C4FF6FF7707EA0436D5
:10CD400040F6FF4739404FF6FF7707EA052739439A
:10CD50004FF6FF7707EA0337394345F6FF773A4046
:10CD600046F480573A4381830284F0BD70B504468F
:10CD70000D46114884420ED0B4F1804F0BD00F48BD
:10CD8000844208D00E48844205D00E48844202D026
:10CD90000D48844200D104E040F663010548F3F7F2
:10CDA0000FFA2DB1042D03D0082D01D00C2D19D16F
:10CDB0001DE0000030200108000001400004004098
:10CDC00000080040000C0040000401400040014009
:10CDD000001800400044014000480140001C004091
:10CDE0000020004040F66401FE48F3F7E9F9A08B0B
:10CDF0004FF6F3710840A083A08B2843A08370BD39
:10CE0000F0B50C461546002100220026078C4FF68F
:10CE1000FF6C07EA0C070784818B028C4FF6FF77C3
:10CE200007EA04264FF60C7739404FF6FF7707EAFA
:10CE300003172F4339434FF2FF573A4046F48077A8
:10CE40003A4381830284F0BD70B504460D46E6483E
:10CE5000844214D0B4F1804F11D0E44884420ED003
:10CE6000E34884420BD0E348844208D0E24884423D
:10CE700005D0E248844202D0E148844200D104E077
:10CE800040F64B01D748F3F79BF92DB1042D03D0A1
:10CE9000082D01D00C2D00D104E040F64C01D14802
:10CEA000F3F78EF9208B4FF2FF3108402083208B5F
:10CEB0004FF6FF7101EA05210843208370BDF0B5EC
:10CEC0000C461546002100220026078C4FF6EF7C09
:10CED00007EA0C070784018B028C4FF6FF7707EAFD
:10CEE000041640F6FF4739404FF6FF7707EA03374D
:10CEF00039434FF6FF7707EA052739434FF65F7747
:10CF00003A4046F010073A4301830284F0BD70B501
:10CF100004460D46B448844220D0B4F1804F1DD061
:10CF2000B24884421AD0B248844217D0B1488442F1
:10CF300014D0B148844211D0B04884420ED0B148D8
:10CF400084420BD0B048844208D0AD48844205D01A
:10CF5000AE48844202D0AE48844200D104E040F69C
:10CF60003201A048F3F72CF92DB1042D03D0082D80
:10CF700001D00C2D00D104E040F633019948F3F7BD
:10CF80001FF9208B4FF6F37108402083208B284334
:10CF9000208370BDF0B50C46154600210022068C9A
:10CFA0004FF6FE773E400684018B028C4FF60C76DE
:10CFB00031407E1C06EA03162E4331434FF6F576C8
:10CFC000324044F00106324301830284F0BD70B563
:10CFD00004460D468448844220D0B4F1804F1DD0D1
:10CFE000824884421AD08248844217D081488442C1
:10CFF00014D08148844211D0804884420ED08148A8
:10D0000084420BD08048844208D07D48844205D0B9
:10D010007E48844202D07E48844200D104E040F23F
:10D020006F717048F3F7CCF8688828B168880228D7
:10D0300002D068880A2800D104E04FF4EE61694804
:10D04000F3F7BEF8A888012805D0A888022802D0E6
:10D05000A888032800D104E040F271716148F3F719
:10D06000AFF8E88840B1E888042805D0E8880828A7
:10D0700002D0E8880C2800D104E040F272715948CF
:10D08000F3F79EF828890F2800DC04E040F2737162
:10D090005448F3F795F8288850B92B89AA886988ED
:10D0A0002046FFF777FFE9882046FFF730FF73E05F
:10D0B0002888042828D14C48844214D0B4F1804FE9
:10D0C00011D04A4884420ED0494884420BD0494886
:10D0D000844208D04848844205D04848844202D05F
:10D0E0004748844200D104E040F281713D48F3F7A3
:10D0F00067F82B89AA8869882046FFF7E0FEE9884F
:10D100002046FFF7A1FE47E02888082822D13648AC
:10D1100084420ED0B4F1804F0BD03448844208D002
:10D120003348844205D03348844202D03248844296
:10D1300000D104E040F28B712A48F3F741F82B89C3
:10D14000AA8869882046FFF75BFEE9882046FFF73A
:10D150000DFE21E0244884420ED0B4F1804F0BD064
:10D160002248844208D02248844205D02148844283
:10D1700002D02148844200D104E040F29571194860
:10D18000F3F71EF82B89AA8869882046FFF7C6FDA9
:10D19000E9882046FFF78DFD70BD002101804180A8
:10D1A000012181800021C180018170472DE9F0417A
:10D1B00005460C46002601270B4885422DD0B5F1C7
:10D1C000804F2AD00948854227D00948854224D07B
:10D1D0000848854221D0084885421ED0074885422C
:10D1E0001BD017E03020010800000140000400407F
:10D1F00000080040000C00400004014000400140D5
:10D20000001800400044014000480140001C00405C
:10D2100000200040F848854200D104E040F2BD7192
:10D22000F648F2F7CDFF608808B9022600E0002634
:10D23000A088012801D1022700E001272088A0B999
:10D240002389A28861882846FFF7A4FEE188284642
:10D25000FFF75DFE23893A4631462846FFF72FFE49
:10D26000E1882846FFF7F0FD13E02389A288618852
:10D270002846FFF724FEE1882846FFF7E5FD2389CD
:10D280003A4631462846FFF785FEE1882846FFF7F3
:10D290003EFEBDE8F08110B50446D948844220D056
:10D2A000B4F1804F1DD0D74884421AD0D64884426A
:10D2B00017D0D648844214D0D548844211D0D548DE
:10D2C00084420ED0D44884420BD0D448844208D043
:10D2D000C948844205D0D248844202D0D148844211
:10D2E00000D104E040F2F371C448F2F769FF606BCB
:10D2F00010BD10B50446C248844214D0B4F1804F2A
:10D3000011D0C04884420ED0BF4884420BD0BF48E1
:10D31000844208D0BE48844205D0BE48844202D030
:10D32000B548844200D104E040F60201B348F2F768
:10D3300047FFA06B10BD10B50446B14884420ED023
:10D34000B4F1804F0BD0AF48844208D0AE4884423D
:10D3500005D0AE48844202D0AD48844200D104E0FA
:10D360004FF40161A548F2F72BFFE06B10BD10B53B
:10D370000446A34884420ED0B4F1804F0BD0A1489C
:10D38000844208D0A048844205D0A048844202D0FC
:10D390009F48844200D104E040F61E019748F2F70E
:10D3A0000FFF206C10BD70B505460C4694488542B1
:10D3B00002D09748854200D104E04FF40B618F48BA
:10D3C000F2F7FEFE2088B0F5006F01D0208800B98A
:10D3D00004E040F6B1018948F2F7F2FE6088B0F54A
:10D3E000806F01D0608800B904E040F6B201834844
:10D3F000F2F7E6FEA08858B1A088B0F5807F07D08C
:10D40000A088B0F5007F03D0A088B0F5407F00D1A0
:10D4100004E040F6B3017948F2F7D2FE2089B0F576
:10D42000805F01D0208900B904E040F6B401734860
:10D43000F2F7C6FE608918B16089B0F5005F00D1CF
:10D4400004E040F6B5016D48F2F7BAFEA089B0F5E8
:10D45000804F01D0A08900B904E040F6B6016748CA
:10D46000F2F7AEFE208861880843A1880843E1886E
:10D4700008432189084361890843A1890843A5F825
:10D48000440070BD0021018041808180C180018104
:10D4900041818181704770B504460D4658488442E9
:10D4A00002D05B48844200D104E040F6DC015348DE
:10D4B000F2F786FE0DB1012D00D104E040F6DD014A
:10D4C0004E48F2F77DFE35B1B4F8440040F4004018
:10D4D000A4F8440005E0B4F84400C0F30E00A4F83A
:10D4E000440070BD70B504460D464548844202D0E4
:10D4F0004748844200D104E040F6F5013F48F2F786
:10D500005FFE0DB1012D00D104E040F6F6013B486D
:10D51000F2F756FE25B1A08840F00400A08004E098
:10D52000A0884FF6FB710840A08070BD70B504461E
:10D530000D463348844202D03548844200D104E08D
:10D5400040F60E112D48F2F73BFE0DB1012D00D132
:10D5500004E040F60F112948F2F732FE25B1A08809
:10D5600040F00100A08004E0A0884FF6FE71084062
:10D57000A08070BD70B504460D4616462048844212
:10D5800026D0B4F1804F23D01E48844220D01E48BC
:10D5900084421DD01D4884421AD02348844217D0AB
:10D5A0002248844214D01A48844211D01948844237
:10D5B0000ED0194884420BD01848844208D00E4837
:10D5C000844205D01648844202D01648844200D1D5
:10D5D00004E040F647110948F2F7F2FD05F47F40F8
:10D5E00008B905B104E040F648110448F2F7E8FD37
:10D5F0000EB1012E1CD120E000180040302001089F
:10D60000000001400004004000080040000C004001
:10D610000004014000400140004401400048014036
:10D62000001C00400020004000100040001400409A
:10D6300040F64911F748F2F7C3FD1EB1A08928430F
:10D64000A08102E0A089A843A08170BD70B5044606
:10D650000D46F148844226D0B4F1804F23D0EF48E4
:10D66000844220D0EE4884421DD0EE4884421AD035
:10D67000ED48844217D0ED48844214D0EC488442EF
:10D6800011D0EC4884420ED0EB4884420BD0EB48DA
:10D69000844208D0EA48844205D0EA48844202D055
:10D6A000E948844200D104E040F66D11D948F2F710
:10D6B00087FD05F47F4008B905B104E040F66E111E
:10D6C000D448F2F77DFDA58270BD70B504460D46C5
:10D6D0000026D148844226D0B4F1804F23D0CF48D1
:10D6E000844220D0CE4884421DD0CE4884421AD0F5
:10D6F000CD48844217D0CD48844214D0CC488442CF
:10D7000011D0CC4884420ED0CB4884420BD0CB48B9
:10D71000844208D0CA48844205D0CA48844202D014
:10D72000C948844200D104E040F68F11B948F2F7AD
:10D7300047FD012D19D0022D17D0042D15D0082D2D
:10D7400013D0102D11D0202D0FD0402D0DD0802DB5
:10D750000BD0B5F5007F08D0B5F5806F05D0B5F5D5
:10D76000006F02D0B5F5805F00D104E04FF419617D
:10D77000A848F2F725FD208A284008B1012600E0DC
:10D780000026304670BD70B504460D46A24884425E
:10D7900026D0B4F1804F23D0A048844220D0A048A6
:10D7A00084421DD09F4884421AD09F48844217D09B
:10D7B0009E48844214D09E48844211D09D488442A1
:10D7C0000ED09D4884420BD09C48844208D09C488F
:10D7D000844205D09B48844202D09B48844200D1B9
:10D7E00004E040F6B8118B48F2F7EAFCE8432082E7
:10D7F00070BD2DE9F04104460D4600260027B046D5
:10D800008548844226D0B4F1804F23D08348844297
:10D8100020D0834884421DD0824884421AD0824856
:10D82000844217D08148844214D08148844211D068
:10D83000804884420ED0804884420BD07F48844286
:10D8400008D07F48844205D07E48844202D07E487A
:10D85000844200D104E040F6D6116E48F2F7B0FCE5
:10D86000012D0DD0022D0BD0042D09D0082D07D08D
:10D87000102D05D0202D03D0402D01D0802D00D1BA
:10D8800004E040F6D7116348F2F79AFC208A00EAD8
:10D890000507A08900EA050827B1B8F1000F01D0FB
:10D8A000012600E000263046BDE8F08170B5044650
:10D8B0000D465948844226D0B4F1804F23D05748B2
:10D8C000844220D0564884421DD0564884421AD003
:10D8D0005548844217D05548844214D05448844255
:10D8E00011D0544884420ED0534884420BD0534840
:10D8F000844208D05248844205D05248844202D023
:10D900005148844200D104E040F6FD114148F2F74D
:10D9100057FCE843208270BD70B506460C4615469C
:10D920003D4886420ED0B6F1804F0BD03B48864230
:10D9300008D03B48864205D03A48864202D03C484F
:10D94000864200D104E040F622213248F2F738FC4A
:10D950002CB3012C23D0022C21D0032C1FD0042C5B
:10D960001DD0052C1BD0062C19D0072C17D0082C45
:10D9700015D0092C13D00A2C11D00B2C0FD00C2C45
:10D980000DD00D2C0BD00E2C09D00F2C07D0102C45
:10D9900005D0112C03D0122C01D0132C00D104E09F
:10D9A00040F623211B48F2F70BFC95B3B5F5807FB9
:10D9B0002FD0B5F5007F2CD0B5F5407F29D0B5F537
:10D9C000806F26D0B5F5A06F23D0B5F5C06F20D0FD
:10D9D000B5F5E06F1DD0B5F5006F1AD0B5F5106F35
:10D9E00017D0B5F5206F14D0B5F5306F11D0B5F55F
:10D9F000406F0ED0B5F5506F0BD0B5F5606F08D005
:10DA0000B5F5706F05D0B5F5805F02D0B5F5885FCC
:10DA10001CD120E03020010800000140000400403B
:10DA200000080040000C00400010004000140040BE
:10DA30000004014000400140004401400048014012
:10DA400000180040001C00400020004040F6242147
:10DA5000FA48F2F7B5FB44EA0500A6F8480070BDA5
:10DA600070B504460D461646F548844214D0B4F10C
:10DA7000804F11D0F34884420ED0F34884420BD03B
:10DA8000F248844208D0F248844205D0F1488442EA
:10DA900002D0F148844200D104E040F63D21E7483D
:10DAA000F2F78EFB48F2FF00284008B905B104E008
:10DAB00040F63E21E148F2F783FB0EB1012E00D182
:10DAC00004E040F63F21DD48F2F77AFB1EB1A08961
:10DAD0002843A08102E0A089A843A08170BD70B551
:10DAE00004460D46D64884420ED0B4F1804F0BD088
:10DAF000D448844208D0D448844205D0D3488442D4
:10DB000002D0D548844200D104E040F65721CB48EA
:10DB1000F2F756FB0DB1012D00D104E040F658217B
:10DB2000C648F2F74DFB25B1A08840F00800A08060
:10DB300004E0A0884FF6F7710840A08070BD10B5D2
:10DB40000446BF48844214D0B4F1804F11D0BD4880
:10DB500084420ED0BC4884420BD0BC48844208D0DA
:10DB6000BD48844205D0BD48844202D0BC488442AE
:10DB700000D104E040F67E21B048F2F721FB208975
:10DB80004FF6F8710840208110BD70B504460D466F
:10DB90000026AB48844220D0B4F1804F1DD0A94864
:10DBA00084421AD0A848844217D0A848844214D08E
:10DBB000A948844211D0A94884420ED0A948844281
:10DBC0000BD0A948844208D0A548844205D0A74874
:10DBD000844202D0A648844200D104E040F651318C
:10DBE0009648F2F7EDFA6DB1102D0BD0202D09D02B
:10DBF000302D07D0402D05D0502D03D0602D01D001
:10DC0000702D00D104E040F652318C48F2F7D8FA7A
:10DC100026894FF68F7006402E43268170BD70B561
:10DC200004460D468648844214D0B4F1804F11D08A
:10DC3000844884420ED0844884420BD08348844276
:10DC400008D08548844205D08448844202D0844864
:10DC5000844200D104E040F693217848F2F7B0FA0C
:10DC60002DB1102D03D0202D01D0302D00D104E096
:10DC700040F694217148F2F7A3FA29462046FFF7AF
:10DC800084FF208940F00700208170BD2DE9F0411C
:10DC900004460E4615461F466948844220D0B4F11A
:10DCA000804F1DD0674884421AD06748844217D0FD
:10DCB0006648844214D06848844211D06748844240
:10DCC0000ED0684884420BD06748844208D064482C
:10DCD000844205D06548844202D06548844200D120
:10DCE00004E040F6B2215548F2F76AFA1DB1022D60
:10DCF00001D00A2D00D104E040F6B3214F48F2F7DD
:10DD00005FFA0F2F00DC04E040F6B4214B48F2F735
:10DD100057FA602E06D13B46012229462046FFF7DE
:10DD2000CEF805E03B46012229462046FFF732F9AE
:10DD300031462046FFF729FF208940F00700208167
:10DD4000BDE8F0812DE9F04104460D4616461F4618
:10DD50004FF000083A4884420ED0B4F1804F0BD007
:10DD60003848844208D03848844205D03748844235
:10DD700002D03948844200D104E040F6CA312F482D
:10DD8000F2F71EFA45B1B5F5805F05D0B5F5005F35
:10DD900002D0B5F5405F00D104E040F6CB31274812
:10DDA000F2F70EFAB6F5004F00D006B904E040F6DF
:10DDB000CC312248F2F704FA0F2F00DC04E040F6E1
:10DDC000CD311E48F2F7FCF9B4F8088008F0FF08DE
:10DDD0004FF6FF7000EA07203043284340EA080866
:10DDE000A4F80880BDE8F0812DE9F04104460D4615
:10DDF000174698460026124884420ED0B4F1804F50
:10DE00000BD01048844208D00F48844205D00F48F8
:10DE1000844202D01048844200D104E040F6DC2164
:10DE20000648F2F7CDF945B1B5F5805F05D0B5F5F7
:10DE3000005F02D0B5F5405F1CD120E03020010822
:10DE4000000001400004004000080040000C0040B9
:10DE50000010004000140040000401400040014058
:10DE6000001800400044014000480140001C0040F0
:10DE70000020004040F6DD21FA48F2F7A1F9B7F59D
:10DE8000004F00D007B904E040F6DE21F548F2F774
:10DE900097F9B8F10F0F00DC04E040F6DF21F148FC
:10DEA000F2F78EF943463A4629462046FFF74AFFE5
:10DEB00026894FF6F870064046F007064FF68F7039
:10DEC000064046F070062681BDE8F0812DE9F0415C
:10DED00004460D4616461F46E34884420ED0B4F170
:10DEE000804F0BD0E148844208D0E148844205D0FD
:10DEF000E048844202D0E048844200D104E040F689
:10DF00000931D848F2F75CF945B1B5F5805F05D025
:10DF1000B5F5005F02D0B5F5405F00D104E040F6F2
:10DF20000A31D048F2F74CF9B6F5004F00D006B9E7
:10DF300004E040F60B31CB48F2F742F90F2F00DC3A
:10DF400004E040F60C31C748F2F73AF93B46324656
:10DF500029462046FFF7F6FE208940F480402081C4
:10DF6000BDE8F08170B504460D46BF48844214D028
:10DF7000B4F1804F11D0BD4884420ED0BC488442D9
:10DF80000BD0BC48844208D0BC48844205D0BC4871
:10DF9000844202D0B848844200D104E040F67A318D
:10DFA000B048F2F70DF96DB1102D0BD0202D09D02E
:10DFB000302D07D0402D05D0502D03D0602D01D03D
:10DFC000702D00D104E040F67B31A648F2F7F8F856
:10DFD000A0884FF68F710840A080A0882843A080B9
:10DFE00070BD70B504460D469F48844214D0B4F10C
:10DFF000804F11D09D4884420ED09D4884420BD062
:10E000009C48844208D09C48844205D09D48844264
:10E0100002D09D48844200D104E040F692319148FC
:10E02000F2F7CEF8042D05D0052D03D0062D01D032
:10E03000072D00D104E040F693318A48F2F7C0F88A
:10E0400020894FF6F87108402081208928432081DB
:10E0500070BD70B504460D468348844214D0B4F1B7
:10E06000804F11D0814884420ED0814884420BD029
:10E070008048844208D08048844205D08148844248
:10E0800002D08148844200D104E040F6A9317548AD
:10E09000F2F796F8802D00D005B904E040F6AA31D9
:10E0A0007048F2F78DF820894FF67F710840208183
:10E0B00020892843208170BD2DE9F04704460D4694
:10E0C00016461F464FF00008C146C24666488442C5
:10E0D00014D0B4F1804F11D0644884420ED064480B
:10E0E00084420BD06348844208D06348844205D000
:10E0F0006448844202D06448844200D104E040F67F
:10E1000006415848F2F75CF8012D03D0022D01D0EA
:10E11000032D00D104E040F607415248F2F750F8D1
:10E120001EB1022E01D00A2E00D104E040F60841B3
:10E130004C48F2F745F81FB1022F01D00A2F00D149
:10E1400004E040F609414748F2F73AF8B4F808808D
:10E15000B4F81890B4F820A04FF6F87008EA000858
:10E1600048EA05084FF6FC4009EA000940F20110B0
:10E1700049EA00094FF6DD700AEA000A4FF6FF701F
:10E1800000EA0710304340EA0A0AA4F80880A4F81D
:10E190001890A4F820A0BDE8F08770B504460D469D
:10E1A0003148844214D0B4F1804F11D02F488442BA
:10E1B0000ED02F4884420BD02E48844208D02E48DF
:10E1C000844205D02F48844202D02F48844200D197
:10E1D00004E040F635412348F1F7F2FF0DB1012D7F
:10E1E00000D104E040F636411E48F1F7E9FF25B1C1
:10E1F000A08840F08000A08004E0A0884FF67F71E6
:10E200000840A08070BD70B505460C46B5F1804F42
:10E2100005D01848854202D01C48854200D104E050
:10E2200040F668410F48F1F7CBFF94B1B4F5806F29
:10E230000FD0B4F5006F0CD0B4F5406F09D044B1E5
:10E24000402C06D0802C04D0C02C02D00CB1022C63
:10E2500000D104E040F669410248F1F7B1FFA5F8AA
:10E26000504070BD30200108000001400004004013
:10E2700000080040000C0040000401400010004075
:10E2800000140040004001400018004000480140D8
:10E2900010B50446FE4884421AD0FE48844217D086
:10E2A000FD48844214D0FD48844211D0FC48844289
:10E2B0000ED0FC4884420BD0FB48844208D0FB4877
:10E2C000844205D0FA48844202D0FA48844200D100
:10E2D00003E0BE21F848F1F773FFED48844208D10E
:10E2E00001211020FCF762FD00211020FCF75EFDEB
:10E2F00057E0E848844209D101214804FCF72FFD8A
:10E3000000214FF40030FCF72AFD4AE0E248844245
:10E3100009D101218804FCF722FD00214FF480205F
:10E32000FCF71DFD3DE0DD48844209D10121C80410
:10E33000FCF715FD00214FF40020FCF710FD30E044
:10E34000D748844209D101210805FCF708FD0021C6
:10E350004FF48010FCF703FD23E0D248844208D13B
:10E3600001212020FCF722FD00212020FCF71EFDCA
:10E3700017E0CD48844209D101218807FCF7EFFC62
:10E3800000214FF08040FCF7EAFC0AE0C7488442D5
:10E3900007D101214005FCF7E2FC00216005FCF7F4
:10E3A000DEFC10BD2DE9FF4704460D460026B146B0
:10E3B00000BFB046B64884421AD0B648844217D04F
:10E3C000B548844214D0B548844211D0B448844240
:10E3D0000ED0B44884420BD0B348844208D0B3482E
:10E3E000844205D0B248844202D0B248844200D16F
:10E3F00003E0FE21B048F1F7E3FE286820B1AF4901
:10E400002868884200D203E0FF21AB48F1F7D8FE2C
:10E41000A88818B1A888B0F5805F00D104E04FF457
:10E420008071A548F1F7CCFEE88858B1E888B0F5CE
:10E43000805F07D0E888B0F5005F03D0E888B0F5CA
:10E44000405F00D104E040F201119B48F1F7B8FEB3
:10E45000288938B12889B0F5806F03D02889B0F5B4
:10E46000C06F00D104E04FF481719348F1F7A8FE2A
:10E4700068894FF6F371084010B9688900B104E06B
:10E4800040F203118C48F1F79BFEA88958B1A88986
:10E49000B0F5807F07D0A889B0F5007F03D0A889A8
:10E4A000B0F5407F00D104E04FF482718248F1F76B
:10E4B00087FEA88988B17648844208D0754884428E
:10E4C00005D07548844202D07648844200D104E0E9
:10E4D00040F209117848F1F773FE268A26F4405677
:10E4E000E88806432682A68941F20C608643A88804
:10E4F00029890843698908430643A681A68A26F428
:10E500004076A8890643A6826846FCF707F960486A
:10E51000844202D06348844202D1DDF80C9001E0CD
:10E52000DDF80890A08900F4004040B109EBC90073
:10E5300000EB091029684900B0FBF1F707E009EB8F
:10E54000C90000EB091029688900B0FBF1F76420CD
:10E55000B7FBF0F006013009642101FB1078A089B7
:10E5600000F4004040B1322000EBC800B0FBF1F0F5
:10E5700000F00700064308E0322000EB0810642199
:10E58000B0FBF1F000F00F0006432681BDE8FF87E5
:10E590004FF41651016000218180C18001810C215E
:10E5A000418100218181704770B505460C460026E7
:10E5B0003748854208D03748854205D036488542DD
:10E5C00002D03848854200D104E040F27F113A4839
:10E5D000F1F7F6FD208818B12088B0F5006F00D162
:10E5E00004E04FF4C0713448F1F7EAFD608818B1D7
:10E5F0006088B0F5806F00D104E040F281112E48B0
:10E60000F1F7DEFDA08818B1A088B0F5007F00D139
:10E6100004E04FF4C1712848F1F7D2FDE08818B149
:10E62000E088B0F5807F00D104E040F283112248F9
:10E63000F1F7C6FD2E8A26F47066208861880843AB
:10E64000A1880843E188084306432E8270BD00215B
:10E65000018041808180C180704770B504460D46BD
:10E660000B48844233D00B48844230D00A4884425D
:10E670002DD00A4884422AD00948844227D009482C
:10E68000844224D00848844221D00848844217E0BC
:10E69000001001400044004000480040004C004091
:10E6A000005000400014014000780040007C004011
:10E6B00000180140001C014084200108E170720034
:10E6C00005D0FA48844202D0F948844200D104E0DF
:10E6D0004FF4D771F748F1F773FD0DB1012D00D15B
:10E6E00004E040F2AF11F348F1F76AFD25B1A089CB
:10E6F00040F40050A08104E0A0894DF6FF7108406D
:10E70000A08170BD70B504460D46EB4884421AD016
:10E71000EA48844217D0EA48844214D0E948844247
:10E7200011D0E94884420ED0E84884420BD0E84832
:10E73000844208D0E748844205D0DC48844202D0B5
:10E74000DB48844200D104E04FF4E471D948F1F78A
:10E7500037FD208B00F47F402083208B28432083CB
:10E7600070BD70B504460D46D34884421AD0D348D4
:10E77000844217D0D248844214D0D248844211D067
:10E78000D14884420ED0D14884420BD0D048844234
:10E7900008D0D048844205D0C448844202D0C4483E
:10E7A000844200D104E040F2DD11C248F1F708FDD7
:10E7B0000DB1012D00D104E04FF4EF71BD48F1F728
:10E7C000FFFC25B1A08940F40040A08103E0A089AE
:10E7D000C0F30E00A08170BD70B504460D46B6486A
:10E7E00084421AD0B548844217D0B548844214D028
:10E7F000B448844211D0B44884420ED0B348844215
:10E800000BD0B348844208D0B248844205D0A74810
:10E81000844202D0A648844200D104E040F2F711BD
:10E82000A448F1F7CDFC0DB1012D00D104E04FF467
:10E83000FC71A048F1F7C4FC25B1A08A40F4006047
:10E84000A08204E0A08A4FF2FF710840A08270BD50
:10E8500070B504460D46984884421AD097488442C1
:10E8600017D09748844214D09648844211D09648D5
:10E8700084420ED0954884420BD09548844208D0FB
:10E880009448844205D08948844202D08848844212
:10E8900000D104E04FF40C718648F1F791FCB5F516
:10E8A000007F00DA04E040F231218248F1F788FC71
:10E8B000C5F30800A08070BD10B504467E488442B0
:10E8C0001AD07E48844217D07D48844214D07D48B7
:10E8D000844211D07C4884420ED07C4884420BD0C4
:10E8E0007B48844208D07B48844205D06F488442EC
:10E8F00002D06F48844200D104E04FF410716D489B
:10E90000F1F75EFCA088C0F3080010BD70B50446A6
:10E910000D46694884421AD06848844217D0684836
:10E92000844214D06748844211D0674884420ED094
:10E93000664884420BD06648844208D065488442C9
:10E9400005D05A48844202D05948844200D104E09C
:10E950004FF41D715748F1F733FC0F2D00DC04E034
:10E9600040F275215348F1F72BFC208A4FF6F071E5
:10E9700008402082208A2843208270BD70B504465A
:10E980000D464D4884421AD04C48844217D04C481A
:10E99000844214D04B48844211D04B4884420ED05C
:10E9A0004A4884420BD04A48844208D049488442AD
:10E9B00005D03E48844202D03D48844200D104E064
:10E9C0004FF422713B48F1F7FBFB0DB1012D00D153
:10E9D00004E040F289213748F1F7F2FB25B1A08924
:10E9E00040F00200A08104E0A0894FF6FD710840CC
:10E9F000A08170BD70B504460D462F4884421AD0E0
:10EA00002E48844217D02E48844214D02D48844288
:10EA100011D02D4884420ED02C4884420BD02C4873
:10EA2000844208D02B48844205D02048844202D03A
:10EA30001F48844200D104E040F2A3211D48F1F7B1
:10EA4000BFFB15B1B5F5006F00D104E04FF429719B
:10EA50001848F1F7B5FBA0894FF2FF710840A0817B
:10EA6000A0892843A08170BD70B504460D461248A8
:10EA700084421AD01148844217D01148844214D0DD
:10EA80001048844211D0104884420ED00F4884426E
:10EA90000BD00F48844208D00E48844205D003486A
:10EAA000844202D00248844216D11AE00018014084
:10EAB000001C014084200108001001400044004077
:10EAC00000480040004C004000500040001401404D
:10EAD00000780040007C00404FF43A71FE48F1F7A6
:10EAE0006FFB0DB1202D00D104E040F2E921FA487E
:10EAF000F1F766FB208A4FF6DF7108402082208AFA
:10EB00002843208270BD70B504460D46F348844208
:10EB10001AD0F348844217D0F248844214D0F24805
:10EB2000844211D0F14884420ED0F14884420BD087
:10EB3000F048844208D0F048844205D0EF4884422F
:10EB400002D0EF48844200D104E040F2FA21E248CA
:10EB5000F1F736FB0DB1012D00D104E040F2FB21AD
:10EB6000DD48F1F72DFB25B1208A40F4804020825A
:10EB700004E0208A4BF6FF710840208270BD10B57A
:10EB80000446D64884421AD0D548844217D0D54886
:10EB9000844214D0D448844211D0D44884420ED048
:10EBA000D34884420BD0D348844208D0D248844210
:10EBB00005D0D248844202D0D148844200D104E03A
:10EBC00040F21231C448F1F7FBFAA08940F001008D
:10EBD000A08110BD70B504460D46C04884421AD0CD
:10EBE000BF48844217D0BF48844214D0BE488442F4
:10EBF00011D0BE4884420ED0BD4884420BD0BD48DF
:10EC0000844208D0BC48844205D0BC48844202D02B
:10EC1000BB48844200D104E040F24731AE48F1F7EE
:10EC2000CFFA0DB1012D00D104E04FF45271AA4882
:10EC3000F1F7C6FA25B1A08A40F00800A08204E0EE
:10EC4000A08A4FF6F7710840A08270BD70B50446E7
:10EC50000D46A248844208D0A148844205D0A1486C
:10EC6000844202D0A248844200D104E040F29B31A9
:10EC70009948F1F7A5FA208BC0B22083208B40EA97
:10EC80000520208370BD70B504460D46934884422C
:10EC900008D09348844205D09248844202D09448D8
:10ECA000844200D104E040F2AE318B48F1F788FA9B
:10ECB0000DB1012D00D104E040F2AF318648F1F7EB
:10ECC0007FFA25B1A08A40F02000A08204E0A08A4B
:10ECD0004FF6DF710840A08270BD70B504460D4646
:10ECE0007E48844208D07E48844205D07D488442D4
:10ECF00002D07F48844200D104E040F2C731764818
:10ED0000F1F75EFA0DB1012D00D104E04FF47271FC
:10ED10007148F1F755FA25B1A08A40F01000A082A1
:10ED200004E0A08A4FF6EF710840A08270BD70B574
:10ED300004460D46694884421AD06948844217D077
:10ED40006848844214D06848844211D0674884429D
:10ED50000ED0674884420BD06648844208D066488B
:10ED6000844205D06548844202D06548844200D17F
:10ED700004E040F20E415848F1F722FA042D00D089
:10ED800005B904E040F20F415348F1F719FAA08A9F
:10ED90004FF6FB710840A082A08A2843A08270BD74
:10EDA00070B504460D464D4884421AD04C48844202
:10EDB00017D04C48844214D04B48844211D04B4861
:10EDC00084420ED04A4884420BD04A48844208D03C
:10EDD0004948844205D04948844202D04848844288
:10EDE00000D104E04FF484613B48F1F7E9F90DB13B
:10EDF000012D00D104E040F221413748F1F7E0F95C
:10EE000025B1A08A40F00200A08204E0A08A4FF65B
:10EE1000FD710840A08270BD70B504460D461646CF
:10EE20002E4884421AD02E48844217D02D4884425E
:10EE300014D02D48844211D02C4884420ED02C4846
:10EE400084420BD02B48844208D02B48844205D002
:10EE50002A48844202D02A48844200D104E040F289
:10EE60004E411D48F1F7ACF94FF63F70284008B904
:10EE700005B104E040F24F411748F1F7A1F90EB196
:10EE8000012E00D104E04FF48A611348F1F798F99C
:10EE90001EB1A08A2843A08202E0A08AA843A082D3
:10EEA00070BD2DE9F04704460D4617464FF00008A7
:10EEB000C246C14600260948844231D008488442EF
:10EEC0002ED0084884422BD00748844228D00748D7
:10EED000844225D0064815E0842001080010014036
:10EEE0000044004000480040004C004000500040FA
:10EEF0000014014000780040007C004000180140F0
:10EF0000001C014084420BD0F848844208D0F848E5
:10EF1000844205D0F748844202D0F748844200D1A9
:10EF200004E040F2D441F548F1F74AF9282D19D010
:10EF300040F22770854215D040F22660854211D0FC
:10EF400040F2255085420DD040F22440854209D040
:10EF500040F64600854205D040F66A10854201D051
:10EF6000602D00D104E040F2D541E448F1F728F9E2
:10EF70000FB1012F00D104E040F2D641DF48F1F794
:10EF80001FF940F66A10854211D1DD48844208D04D
:10EF9000DC48844205D0DC48844202D0DB4884420D
:10EFA00000D104E040F2DB41D448F1F709F92646EC
:10EFB000C5F3421805F01F0A012000FA0AF9B8F15A
:10EFC000010F01D10C3605E0B8F1020F01D1103666
:10EFD00000E0143627B1306840EA0900306003E0F1
:10EFE000306820EA09003060BDE8F08770B504465B
:10EFF0000D460026C24884421AD0C248844217D027
:10F00000C148844214D0C248844211D0C1488442CD
:10F010000ED0BE4884420BD0B448844208D0B448D5
:10F02000844205D0B348844202D0B348844200D120
:10F0300004E040F21351B148F1F7C2F8012D13D0AA
:10F04000802D11D0402D0FD0202D0DD0102D0BD0A4
:10F05000B5F5807F08D0B5F5007F05D0082D03D029
:10F06000042D01D0022D00D104E040F21451A34838
:10F07000F1F7A6F8B5F5007F11D1A148844208D078
:10F08000A048844205D0A048844202D09F488442D0
:10F0900000D104E040F219519848F1F791F8208826
:10F0A000284008B1012600E00026304670BD70B54A
:10F0B00004460D46924884421AD09248844217D0A2
:10F0C0009148844214D09248844211D0914884429D
:10F0D0000ED08E4884420BD08448844208D08448A5
:10F0E000844205D08348844202D08348844200D1C0
:10F0F00004E040F243518148F1F762F84FF69F4037
:10F10000284008B905B104E040F244517B48F1F7CA
:10F1100057F805F40070B0F5007F11D178488442AB
:10F1200008D07848844205D07748844202D0774896
:10F13000844200D104E040F249517048F1F740F8B0
:10F14000E843208070BD2DE9F04704460D460027B6
:10F150000026B046B1466A4884421AD069488442C3
:10F1600017D06948844214D06948844211D0694854
:10F1700084420ED0654884420BD05C48844208D05B
:10F180005B48844205D05B48844202D05A4884429E
:10F1900000D104E040F267515848F1F711F8282DEA
:10F1A00027D040F22770854223D040F22660854266
:10F1B0001FD040F2255085421BD040F224408542AA
:10F1C00017D040F64600854213D040F66A108542BB
:10F1D0000FD0B5F5587F0CD040F22530854208D0CD
:10F1E000B5F5587F05D0B5F5187F02D0B5F5B07FDD
:10F1F00000D104E04FF4AD614048F0F7E1FF40F684
:10F200006A10854211D13E48844208D03D4884426C
:10F2100005D03D48844202D03C48844200D104E0FD
:10F2200040F26D513548F0F7CBFFC5F3421805F0B9
:10F230001F06012000FA06F6B8F1010F02D1A089DD
:10F24000064007E0B8F1020F02D1208A064001E033
:10F25000A08A06402F12012000FA07F720880740F5
:10F260001EB117B14FF0010901E04FF00009484607
:10F27000BDE8F0872DE9F04104460D460026002741
:10F280001F4884421AD01F48844217D01E48844227
:10F2900014D01F48844211D01E4884420ED01B480F
:10F2A00084420BD01148844208D01148844205D0D2
:10F2B0001048844202D01048844200D104E04FF448
:10F2C000B6610E48F0F77CFF40F2266085420BD015
:10F2D00040F22550854207D040F64600854203D0D3
:10F2E00040F66A10854217D11BE00000007800400C
:10F2F000007C004000180140001C014084200108EF
:10F30000001001400044004000480040001401404B
:10F31000004C00400050004040F2B1511048F0F75E
:10F320004FFF40F66A10854211D10E48844208D042
:10F330000D48844205D00D48844202D00C488442D6
:10F3400000D104E040F2B6510548F0F739FF2E1223
:10F350000120B04087B2F8432080BDE8F081000072
:10F360008420010800100140004400400048004093
:10F37000001401400648804706480047FEE7FEE7C4
:10F38000FEE7FEE7FEE7FEE7FEE7FEE7FEE7FEE755
:10F39000D16E0008AD01000808B5002000901020D3
:10F3A0004FF0A041086100BF0098401CFE4900904A
:10F3B000884202D94FF0FF3008BD4FF0A0400069ED
:10F3C00000F010001028EFD00020F5E708B5014646
:10F3D00000200090202040EA81104FF0A0421061F0
:10F3E00000BF0098401CF04A0090904202D94FF0B4
:10F3F000FF3008BD4FF0A040006900F02000202839
:10F40000EFD00020F5E710B50A46032A49D1E74BB3
:10F41000984204D3E64B984201D20F2145E0E44BD9
:10F42000984204D3E34B984201D20E213DE0E14BD8
:10F43000984204D3E04B984201D20D2135E0DE4BD7
:10F44000984204D3DD4B984201D20C212DE0DB4BD6
:10F45000984204D3DA4B984201D20B2125E0D84BD5
:10F46000984204D3D74B984201D20A211DE0D54BD4
:10F47000984204D3D44B984201D2092115E0D24BD3
:10F48000984204D3D14B984201D208210DE0CF4BD2
:10F49000984204D3CE4B984201D2072105E00621C1
:10F4A00003E00AB9092100E009214FF0A043DB681D
:10F4B00023F470534FF0A044E3602346DB684FF41D
:10F4C000705404EA812423434FF0A044E36010BD4C
:10F4D00070B50B464FF0A044626A28B942EA034473
:10F4E0004FF0A045AC6216E04FF0A044A46A02EBD6
:10F4F0001442002106E0B74C54F8214002EB1442BC
:10F500004C1CE1B2441E8C42F5D842EA0346B14C91
:10F51000451E44F8256070BDAF4A126802F006012E
:10F5200009B9002006E0022901D0062901D10320F3
:10F5300000E00F2070470021A84A116011460968B9
:10F5400041F4002111601146096841F01801116071
:10F550001146096841F0C04111607047F0B50B4693
:10F56000D61CB508002407E0DFF874C20CEB0037A6
:10F570001E683E601B1D641CAC42F5D3F0BD30B567
:10F580000246CD1CAC08002304E0954D2D681560A3
:10F59000121D5B1CA342F8D330BDF0B5044604EB4A
:10F5A0008401904800EB810004EB8402C1688D481F
:10F5B00000EB820000690D1A04EB8401894830F8E1
:10F5C0002100A84204D204EB8401864830F821507F
:10F5D000E81C86083CE004EB8401824800EB8100D3
:10F5E00004EB8402C1687F4800EB820000690D1AB9
:10F5F00004EB84017B4830F82100A84204D204EBDC
:10F600008401784830F82150AAB204EB840375488D
:10F6100000EB830081682046FFF7A0FF04EB840124
:10F62000704800EB81008068411904EB84026D484A
:10F6300000EB8200816004EB84016A4800EB8100EA
:10F640000069411904EB8402664800EB8200016105
:10F650006148F83000EB4410806980B2B04215D3A5
:10F6600004EB84015F4800EB810004EB8402016934
:10F670005C4800EB8200C068814207D204EB840141
:10F68000584800EB8100C0680028A4D104EB840135
:10F69000544800EB810004EB8402C168514800EB40
:10F6A0008200006981420BD804F00F01012000FAAA
:10F6B00001F749482C300068B84347492C310860AD
:10F6C000F0BD7047704710B5C0214648083801F0BA
:10F6D00016FDFFF7F6FF4048001F006840F00200EB
:10F6E0003D49091F08604FF0A040806820F00100EC
:10F6F0004FF0A041886000F00BFF044600204FF05F
:10F70000A041C96821F0C0414FF0A042D16028B1AA
:10F710001146C96841F00051D16008E038B94FF096
:10F72000A041C96841F080414FF0A042D16000BFC4
:10F73000002005E00022274941F82020411CC8B2E2
:10F740000F28F7D34FF0A040806B40F400104FF02B
:10F75000A04188630846806B20F400208863084637
:10F76000806B20F48020886300201F4908601A48BD
:10F77000083800681849083908600846006840F0F1
:10F78000030008601020FFF721FE0446FFF704FE87
:10F7900004460020104908310860091D08600E4920
:10F7A0001431086022E00000400D0300C0ACD80016
:10F7B000C0E1E4000024F40080730601A0491A01AE
:10F7C000002D310140A44C0100366E0120ABA60192
:10F7D0000048E8010401005008080050100B0050D8
:10F7E00000100050A8030020000E00504FF0A04170
:10F7F00088616FF0804048614FF44320886108467B
:10F80000806940F01000886180204862102100204B
:10F81000FFF75EFE20210120FFF75AFE2021022083
:10F82000FFF756FE20210320FFF752FE4FF0A040C5
:10F83000806840F001004FF0A0418860FE480068F9
:10F8400020F00200FC490860204610BD10B5FFF70B
:10F8500039FF00200CE04FF67F31F74AFC3202EB13
:10F8600040129160F54A02EB40129160411CC8B20F
:10F870000F28F0D30020F0490C310860091D086002
:10F88000ED49183108601020FFF7A0FDFFF784FD57
:10F89000E948006840F00200E7490860002010BD18
:10F8A0000146E548001F006820F4FE60E24A121F8E
:10F8B0001060104600684FF4FE6202EA0112104325
:10F8C000DD4A121F1060002070470246DA4B1B1DF4
:10F8D0001B6803F0060109B9032006E0022901D0E4
:10F8E000062901D1022000E00220704730B502460F
:10F8F000107820F08001032904DD00BF00BF4FF025
:10F90000FF3030BD107800F08000002849D15488C5
:10F9100001EB8105CA4820F82540547801EB8105A8
:10F9200000EB85008470012401EB8105C44800EBE5
:10F9300085000471C0481830006801F110040125E9
:10F94000A5402C0C24042043BB4C18342060538861
:10F9500091B95088082806D0102806D0202806D053
:10F96000402808D105E0032305E0022303E001233A
:10F9700001E0002300BF00BFC3F30A00547840EA4F
:10F98000844040F0805040F400404C0104F1A04419
:10F99000D4F8004B20434C0104F1A044C4F8000B00
:10F9A00034E0548801EB8105A548503820F8254003
:10F9B000547801EB810500EB85008470012401EB94
:10F9C00081059F48503800EB850004719A48183033
:10F9D00000688C40A4B22043974C183420605088B3
:10F9E000C0F30A00547840EA844040EA815040F075
:10F9F000805040F400404C0104F1A044D4F8004988
:10FA000020434C0104F1A044C4F80009002078E729
:10FA100010B5024622F0800102F08000A0BB480130
:10FA200000F1A040D0F8000B40F00063480100F165
:10FA3000A040C0F8003B80483830006801F007045F
:10FA40000123A3407F4C04EA034398437A4B3833A5
:10FA5000186079481830006801F007040123A340BA
:10FA6000784C04EA03439843734B183318604801F9
:10FA700000F1A040D0F8000B734B18404B0103F18C
:10FA8000A043C3F8000B30E0FFE7480100F1A040BD
:10FA9000D0F8000940F00063480100F1A040C0F830
:10FAA000003965483830006801F007040123A3409D
:10FAB0009BB29843604B383318605F481830006839
:10FAC00001F007040123A3409BB298435A4B18331B
:10FAD0001860480100F1A040D0F800095B4B1840C5
:10FAE0004B0103F1A043C3F80009002010BD0246FA
:10FAF00022F0800102F0800008BB480100F1A04024
:10FB0000D0F8000B00F0004060B959B1480100F195
:10FB1000A040D0F8000B20F08043480100F1A04045
:10FB2000C0F8003B480100F1A040D0F8000B40F4C1
:10FB30000013480100F1A040C0F8003B20E048015C
:10FB400000F1A040D0F8000900F0004060B959B1C0
:10FB5000480100F1A040D0F8000920F0804348019E
:10FB600000F1A040C0F80039480100F1A040D0F8F1
:10FB7000000940F40013480100F1A040C0F800392A
:10FB800000207047024622F0800102F0800040BB56
:10FB9000480100F1A040D0F8000B20F40013480108
:10FBA00000F1A040C0F8003B01EB8103244800EBCA
:10FBB00083008078032807D001EB8103204800EB05
:10FBC00083008078022836D1480100F1A040D0F8A7
:10FBD000000B40F08053480100F1A040C0F8003B0A
:10FBE00029E0480100F1A040D0F8000920F40013FA
:10FBF000480100F1A040C0F8003901EB8103104832
:10FC0000503800EB83008078032808D001EB810393
:10FC10000B48503800EB8300807802280BD1480154
:10FC200000F1A040D0F8000940F08053480100F1F5
:10FC3000A040C0F800390BE004080050000B005051
:10FC4000F80300200000FFFF0078F3EF007833ECAA
:10FC500000207047024600207047F0B504460B466E
:10FC600024F08001002513B90AB1681EF0BD01EB34
:10FC70008106F94800EB8600007910B96FF00100A9
:10FC8000F4E701EB8106F44800EB8600836001EBAA
:10FC90008106F14800EB8600C260002601EB810777
:10FCA000ED4800EB87000661EC4800EB411000696D
:10FCB000EB4E3040E94E06EB41163061E74800EB71
:10FCC000411000696FF31200E44E06EB41163061FB
:10FCD000BAB9E24800EB4110006940F40020DF4E61
:10FCE00006EB41163061480100F1A040D0F8000950
:10FCF00040F00446480100F1A040C0F8006900202F
:10FD0000B4E739BB01EB8106D34830F826009042B6
:10FD100004D201EB8106D04830F8262001EB8106A1
:10FD2000CD4800EB8600C260CC4800EB4110006972
:10FD300040F40020C94E06EB41163061C74800EB85
:10FD400041100069C2F312063043C44E06EB41165F
:10FD5000306126E001EB8106BF4830F826001044F0
:10FD6000401E01EB8107BC4E36F82760B0FBF6F071
:10FD700085B2BA4800EB41100069B94EF64306EA75
:10FD8000C5463043B54E06EB41163061B34800EB33
:10FD900041100069C2F312063043B04E06EB411623
:10FDA000306101EB8106AC4800EB860080780128C9
:10FDB00032D1AA48F838006800F4807060B9480170
:10FDC00000F1A040D0F8000940F00056480100F1D1
:10FDD000A040C0F800690BE0480100F1A040D0F855
:10FDE000000940F08056480100F1A040C0F80069C9
:10FDF0009A4800EB4110006920F0C040974E06EB96
:10FE000041163061954800EB4110006940F0005008
:10FE1000924E06EB41163061480100F1A040D0F847
:10FE2000000940F00446480100F1A040C0F8006914
:10FE300052B18A48CC38006801F00F070126BE4055
:10FE40003043864ECC3E306000200FE7F0B50446CC
:10FE50000B4624F08001002513B90AB1681EF0BDDD
:10FE600001EB81067C48503000EB8600007910B928
:10FE70006FF00100F3E701EB81067748503000EBAB
:10FE80008600836001EB81067348503000EB8600EA
:10FE9000C260002601EB81076F48503000EB8700FD
:10FEA0000661704800EB411000696D4E30406D4EA8
:10FEB00006EB411630616B4800EB411000696FF3AF
:10FEC0001200684E06EB4116306132BB654800EB0C
:10FED0004110006940F40020624E06EB411630618B
:10FEE000604800EB4110006901EB81075A4E503623
:10FEF00036F8276030435B4E06EB4116306148010F
:10FF000000F1A040D0F8000B40F00446480100F199
:10FF1000A040C0F8006B0020A1E751BB01EB8106B7
:10FF20004D48503030F82600904205D201EB810652
:10FF30004948503030F8262001EB810646485030C1
:10FF400000EB8600C260474800EB4110006940F4B6
:10FF50000020444E06EB41163061424800EB411050
:10FF60000069C2F3120630433E4E06EB4116306183
:10FF700028E001EB81063848503030F82600104464
:10FF8000401E01EB8107344E503636F82760B0FB37
:10FF9000F6F085B2334800EB41100069304EF6436D
:10FFA00006EAC54630432F4E06EB411630612D4818
:10FFB00000EB41100069C2F312063043294E06EBF4
:10FFC0004116306101EB81062348503000EB86007A
:10FFD000807801281ED12148F838006800F480702C
:10FFE00060B9480100F1A040D0F8000B40F0005685
:10FFF000480100F1A040C0F8006B0BE0480100F19F
:020000040801F1
:10000000A040D0F8000B40F08056480100F1A0401D
:10001000C0F8006B480100F1A040D0F8000B40F0A0
:100020000446480100F1A040C0F8006B002016E72C
:100030002DE9F04700BF4FF0A041486989690840A9
:1000400000BF05464FF0A040406900F001000028C5
:100050007DD14DB9BDE8F087A8030020000900500C
:10006000FFFF07E0000B005005F01000F0B34FF069
:10007000A040806920F010004FF0A0418861084640
:10008000076A07F00F04C7F3434002281DD1C7F3E6
:100090000A18B8F1000F23D01FFA88F104EB84038B
:1000A000FE4A02EB83029068FFF769FA04EB8401D1
:1000B000FA4800EB8100806800EB080104EB840241
:1000C000F64800EB820081600AE0C7F3434006284F
:1000D00006D1C7F30A184146F0485838FFF74FFADF
:1000E0004FF0A040806940F0100000E002E04FF0C7
:1000F000A041886105F4002000287CD0002400BFC6
:10010000E7490868091D09680840060C00BF81E03E
:1001100006F0010000287BD0E0B2E24A02EB401278
:100120009168DF4A121F1268114000BF8946DD48FE
:1001300000EB4410D0F808A0DA4800EB4410C0F8F7
:1001400008A009F00100002859D08CBB00E0DDE1D7
:1001500004EB8401D14800EB8100C06820B9CF488E
:100160005838FFF7E8F94AE004EB8401CB4800EB8C
:100170008100C068CB4901EB44110969C1F3120148
:10018000411A04EB8402C54800EB820001610021A2
:1001900004EB8402C14800EB8200C16004EB8402DE
:1001A000BE4800EB82000169002000F0F1FE26E06D
:1001B000FFE704EB8401B94800EB8100C068B9494E
:1001C00001EB44110969C1F31201411A04EB8402E5
:1001D000B24800EB82000161002104EB8402AF48C9
:1001E00000EB8200C16004EB8403AC4A02EB8302A3
:1001F000E0B2116901E010E00AE000F0C9FE09F088
:100200000800082803D1A548583800F0E1FD00BFD8
:100210007608641C002E7FF47BAF05F48020002854
:1002200077D0002400BF9E490868091D096808406E
:1002300081B20E46ACE006F0010000286AD0E0B2C0
:10024000DFF85CC2ACF1080CDCF80010DFF850C23B
:100250000CF11C0CDCF8003000F0070C23FA0CFC4D
:100260000CF0010C41EACC11DFF834C20CF1E80CBF
:100270000CEB401CDCF808C00CEA010200BF914600
:100280008748E83000EB4410D0F808A08448E830F4
:1002900000EB4410C0F808A009F0010000286DD060
:1002A000B4BB04EB84017D48503800EB8100C0688A
:1002B0007B49E83101EB44110969C1F31201411A8C
:1002C00004EB84027548503800EB82000161002184
:1002D00004EB84027148503800EB8200C16004EBEB
:1002E00084026E48503800EB82000169802000F0E3
:1002F0002DFE6A485838C08868B168485838007878
:1003000000F0800038B965485838FFF714F935E037
:100310000AE040E03AE061485838C08870BB5F4866
:100320005838FFF708F929E004EB84015B4850389E
:1003300000EB8100C0685A49E83101EB44110969BA
:10034000C1F31201411A04EB84025448503800EB07
:1003500082000161002104EB84025048503800EB18
:100360008200C16004EB84034C4A503A02EB8302E2
:100370001169E2B242F0800000F0E8FD09F080006F
:10038000802802D1E0B2FFF708F900BF7608641CAC
:10039000002E7FF450AF05F48050002866D04FF057
:1003A000A040406940F480504FF0A04148613C4873
:1003B0001438006820F00100394914390860102011
:1003C000FFF704F8FEF7E8FF002033E060B94FF0D4
:1003D0000062410101F1A041C1F80029410101F190
:1003E000A041C1F8002B0BE04FF00062410101F188
:1003F000A041C1F80029410101F1A041C1F8002B41
:100400000021274AE83202EB401211614FF67F319A
:10041000234AE83202EB401291600021214A02EBAC
:10042000401211614FF67F311E4A02EB401291607B
:10043000411CC8B20428C9DB1948001D006840F0FF
:1004400001101749091D086009201549091F086096
:100450000120091F0860C0211048583800F04FFEE5
:1004600000F092FC0D485838FFF765F805F400508D
:1004700000B34FF0A040406940F400504FF0A0415D
:100480004861FFF749F88246514607480068FEF781
:10049000BAFF03481438006808E00000F8030020A1
:1004A00018080050000B00505402002040F48070E7
:1004B0003949086005F0080038B14FF0A0404069A4
:1004C00040F008004FF0A041486105F4006038B1E9
:1004D0004FF0A040406940F400604FF0A0414861F7
:1004E00005F0004038B14FF0A040406940F00040B6
:1004F0004FF0A041486105F0040038B14FF0A04032
:100500004768406838434FF0A041486000BFA1E50C
:1005100008B54FF0A041C96841F040014FF0A0423A
:10052000D16000BF0021009100BF00BF0099491CAD
:100530001A4A0091914202D94FF0FF3122E04FF068
:10054000A041096901F000410029EFD0002100918C
:100550004FF0A041096941F001014FF0A042116143
:1005600000BF0099491C0D4A0091914202D94FF0F9
:10057000FF3107E04FF0A041096901F001010029B6
:10058000EFD100BF08464FF0A041896B41F48031A4
:100590004FF0A042916308BD04080050400D0300D5
:1005A0002E4A0A6008228A7100224A710A71704735
:1005B0007047704770472DE9FF4704460D461646C1
:1005C00094F804906078202804D0212825D022288F
:1005D00033D113E0E28802A8296800F077FD69466C
:1005E0004846FFF7DDFF072202A9684600F092FDAA
:1005F00018B102A94846FFF7DDFF25E0A07800F01A
:100600000107A078C0F3400839464846FFF7D1FFFC
:1006100041464846FFF7CCFF16E002A94846FFF7DF
:10062000BFFF286802990160BDF80C1081809DF819
:100630000E1081710720306006E000BF00BF4FF050
:10064000FF3004B0BDE8F08700BF0020F9E704499F
:10065000416000218160C1600161704780841E009B
:10066000B705010800BF00BF7047F94890F81D01A9
:1006700008B1012070470020FCE71CB50446A078B3
:100680008DF80000A088C0F30A00ADF80200E07801
:1006900000F003008DF8010000BF00BF6846FFF7BF
:1006A00025F908B901201CBD0020FCE71CB5044653
:1006B000A0788DF80000A088C0F30A00ADF8020011
:1006C000E07800F003008DF8010000BF00BF9DF846
:1006D0000000FFF79DF908B901201CBD0020FCE7D0
:1006E0002DE9F05F80460F4616460024A1460025FE
:1006F000A246A3464FEA182408F0FF09032C19D19B
:10070000B9F1EE0F16D100BF00BFD248006810B992
:100710000020BDE8F09FCF4B1B681A79CD4B1B68BA
:100720001968386800F0D2FCCA4800680079306067
:100730000120EEE70F2C15D100BF00BFC6480068AE
:1007400008B90020E5E7C44B1B685A68C24B1B6818
:100750001968386800F0BAFCBF480068406830602B
:100760000120D6E7042C02D0052C00D001D90020AE
:10077000CFE7B74885694FF0000A0BE06878A042E0
:1007800006D1CA4502D14FF0010B06E00AF1010A79
:100790002878054428780028F0D100BFBBF1000F6D
:1007A00011D0022C01D0072C05D1A878E97840EAB5
:1007B0000120306001E028783060326829463868CE
:1007C00000F084FC01E000BF00BF5846A1E72DE91E
:1007D000F04705460E464FF0FF08FF274FF000098F
:1007E0009B4884691EE06078022804D0042808D061
:1007F000052813D108E06779AF4201D14FF0010914
:100800000DE094F803800AE0AF4201D1B04500D07A
:1008100005E02046FFF731FF814600E000BF00BF42
:100820002078044420780028DDD14846BDE8F087D0
:100830002DE9F04106460F468848046807E0254642
:10084000286918B1394630462A6990472468002C37
:10085000F5D1BDE8F0812DE9F05F05460E464FF079
:10086000000A4FF0FF08C1464FF0000B784884693A
:1008700022E06078042802D0052819D109E094F814
:10088000038094F80290A94502D1B04500D1A24658
:100890000FE0A9450BD12746B04504D03846FFF7F5
:1008A00005FF834603E03846FFF7E7FE834600E096
:1008B00000BF00BF2078044420780028D9D15146D9
:1008C0000820FFF7B5FF5846BDE8F09F10B5044675
:1008D0000B2C11D2DFE804F010061007080A090BF0
:1008E000100E0F0009E008E007E006E005E0F5F76C
:1008F000A3FC02E001E000E000BF00BF10BD2DE955
:10090000F04106460F46154674884FF0010870788E
:100910000C2853D2DFE800F0060E520F5220262D8D
:1009200030354E4F00203968087039684870022011
:10093000286046E000BF012C0AD17078032803D15B
:100940000920FFF7C3FF04E00A20FFF7BFFF00E024
:1009500000BF0020286034E0E0B2FEF7A1FF0020D5
:1009600028602EE02A4639462046FFF7B9FE804629
:1009700027E04FF0000824E0394838600120286063
:100980001FE0E4B220460021FFF721FF10B94FF02D
:1009900000080CE02E4981F81D41012081F81C015E
:1009A00000210720FFF744FF0720FFF78FFF0020FB
:1009B000286006E000BF4FF0000802E04FF000089A
:1009C00000BF00BF4046BDE8F0812DE9F05F04465E
:1009D0000D46164660884FEA102994F804A04FF09F
:1009E000010BFFF742FE10B90020BDE8F09F6078D0
:1009F0000C2848D2DFE800F00636473747470E4755
:100A000047473A400020296808702968487002204A
:100A100030603BE0B9F1220F17D100BF00BF0F4893
:100A200007680FE0B84698F81C00504509D1D8E98E
:100A30000512286800F04AFBD8F818003060012041
:100A4000D3E73F68002FEDD100BF4FF0000B1DE052
:100A5000600400207C020020840200207802002034
:100A60007D05002000BF4FF0000B0FE0002029683B
:100A700008700120306009E0A1782079FFF7EBFED3
:100A80000020306002E04FF0000B00BF00BF58466E
:100A9000ABE72DE9F04104460E46154627794FF0A5
:100AA0000108FFF7E2FD10B90020BDE8F081607891
:100AB00030B101280CD0032817D00C2825D121E013
:100AC00000203168087031684870022028601FE0FB
:100AD000608828B900BF00BF3846FFF753F817E019
:100AE0004FF000080020286012E0608828B900BF9D
:100AF00000BF3846FEF7FBFF01E04FF00008002082
:100B0000286005E04FF0000802E04FF0000800BF49
:100B100000BF4046C9E72DE9F04104460D461646A0
:100B20000027207800F0030020B101280BD0022814
:100B30001BD111E0324629462046FFF7E0FE08B9F6
:100B40004FF0FF3714E0324629462046FFF73DFFBD
:100B500008B94FF0FF370BE0324629462046FFF731
:100B600098FF08B94FF0FF3702E04FF0FF3700BFA2
:100B700000BF3846BDE8F0812DE9F04105460F463B
:100B80009046287800F00300012814D1FB4804683F
:100B90000EE02646706850B1307F2979884206D130
:100BA00042463946284673689847BDE8F081246874
:100BB000002CEED113E0287800F0030002280ED1BB
:100BC000EE48046809E02646B06828B14246394636
:100BD0002846B3689847E8E72468002CF3D14FF023
:100BE000FF30E2E72DE9F04104460D461646E448A1
:100BF000006870B36078E24909684979884250D149
:100C0000A088042802D0052824D111E000BF00BF2D
:100C1000DB4B1B689A89DA4B1B689968286800F0DF
:100C200055FAD7480068808930600020BDE8F0811F
:100C300000BF00BFD24B1B689A8AD14B1B68196951
:100C4000286800F043FACE480068808A30600020AF
:100C5000ECE704E000BF00BF4FF0FF30E6E7C94813
:100C60000068F0B16078C74909688979884218D16D
:100C7000A088072810D100BF00BFC24B1B689A880C
:100C8000C04B1B681968286800F020FABD4800684E
:100C9000808830600020C9E700BF00BF4FF0FF3000
:100CA000C4E7B64807680DE0B846D8F80C0040B174
:100CB000324629462046D8F80C30984708B900201B
:100CC000B4E73F68002FEFD1781EAFE770B5044658
:100CD0000D461646207800F0600020B120281CD078
:100CE000402838D128E0324629462046FFF713FF36
:100CF000002811DA6078062807D16088B0F5C06F47
:100D000003D100BF00BF002070BD00BF00BF204660
:100D1000FFF7A8FC0020F7E71FE0324629462046EF
:100D2000FFF72AFF002806DA00BF00BF2046FFF7C2
:100D300099FC0020E8E710E0324629462046FFF7FC
:100D400051FF002806DA00BF00BF2046FFF78AFCEB
:100D50000020D9E701E00020D6E700BF0120D3E75B
:100D600010B50320FFF7B2FD10BD10B50420FFF74A
:100D7000ADFD10BD10B50620FFF7A8FD10BD10B5E4
:100D80000520FFF7A3FD10BD1CB50020FEF788FD70
:100D900000207D4981F81C0181F81D014020ADF83B
:100DA000020000208DF8010080208DF800006846C8
:100DB000FEF79CFD00208DF800006846FEF796FDCA
:100DC00000210120FFF734FD0120FFF77FFD1CBD4E
:100DD00070B505466C4C2868206068686060E088E3
:100DE000B0F5807F09DD207800F0800028B900BFD1
:100DF00000BF8020FEF77BFE70BD63481C30624957
:100E00008860E088C860E088086100200875E08894
:100E100050B1207800F0800030B9E288084681683F
:100E20000020FFF713F8E7E7574A1032A2F1080154
:100E30002046FFF74BFF18B98020FEF758FEDBE78E
:100E400051480069E188884202D24F48006900E0B9
:100E5000E0884D49C8600846C068B0F5807F02D977
:100E600000BF00BFC8E74848C26881688020FEF71D
:100E7000F4FEE08844490969884207D94248007C69
:100E800000F03F0010B901203F49087500BFB3E7EB
:100E900070B506460C463C4D2846806820442946DD
:100EA00088600846C068001BC8600846C06830B14A
:100EB0000846C26881688020FEF7CFFE18E03248FD
:100EC000007D012808D100202F4908750022114615
:100ED0008020FEF7C2FE0BE0E88848B1287800F0D9
:100EE0008000802804D1002211461046FEF7AEFF94
:100EF00070BD70B506460C46234D2CB3284680685D
:100F00002044294688600846C068001BC86008461F
:100F1000C06898B901F11C008860A0F10C0208318A
:100F20002846FFF7D3FE18B98020FEF7E0FD70BD1C
:100F3000002211468020FEF790FE05E01248C268AC
:100F400081680020FEF782FF00BFF0E770B504461D
:100F50000D4604F07F0000EB40000C4901EB8000DF
:100F6000806848B104F07F0000EB400001EB800096
:100F7000294682682046904770BD00007802002014
:100F80007C02002080020020600400209C4B002096
:100F900070B504460D4604F07F0000EB4000444964
:100FA00001EB8000806848B104F07F0000EB400056
:100FB00001EB8000294682682046904770BD10B53D
:100FC00004464FF490713B4800F099F83948846129
:100FD0000020384981F81F01802037490870AFF29E
:100FE0004F108860002032490870AFF2F900886025
:100FF00010BD324908607047314908607047314977
:101000000860704710B52B4991F81F1101772E4BDE
:1010100001461A4600E012681468002CFBD11160EA
:101020000C6000BF234991F81F11491C214A82F826
:101030001F1110BD017801F0800189B1017801F024
:101040007F0202EB42021C4B03F82210027802F0EE
:101050007F0202EB420203EB82024168916010E0E2
:10106000017801F07F0202EB4202114B03F82210DB
:10107000027802F07F0202EB420203EB8202416837
:10108000916070470B4890F81C01704710B5FEF74F
:101090001AFB10BD10B50020064981F81F0100BFE2
:1010A0000949086000BFFEF7D1FB002010BD000019
:1010B000FC4B0020600400209C4B00207C020020A0
:1010C00080020020840200207802002040EA010310
:1010D0009B0703D009E008C9121F08C0042AFAD2EE
:1010E00003E011F8013B00F8013B521EF9D27047B2
:1010F000D2B201E000F8012B491EFBD2704700225A
:10110000F6E710B513460A4604461946FFF7F0FF06
:10111000204610BD30B504460020034600E05B1CAD
:10112000934203D2E05CCD5C401BF8D030BD2DE98A
:10113000FE4F804681EA0300C00F0C46009021F06C
:10114000004123F00045B8EB0200A94105D240461A
:10115000214690461C460B46024623F000401043B1
:1011600047D0270DC7F30A00C3F30A510290401A73
:10117000019040286BDAC3F3130040F4801B009801
:10118000924620B10023D2EB030A63EB0B0B0198CC
:101190005946C0F14002504600F08AF906460D4615
:1011A00050465946019A00F092F910EB080061414F
:1011B000002487EA115284EAE7731A4340D0009A68
:1011C00062B3019A012A4FEA075215DC001B61EB5A
:1011D00002014FF0004202EA0752CDE90042001C32
:1011E00041F5801132462B4600F0C9F903B0BDE845
:1011F000F08F40462146F9E7001B61EB0201001C1D
:1012000041F5801300185B412018A2F5001747EB49
:10121000030140EAD570B6196D4111E06D084FEA3F
:10122000360645EAC0754FEA0752001B61EB020122
:10123000001C41F5801149084FEA30000019514166
:1012400032462B4603B0BDE8F04F00F089B9009854
:10125000012240000023D0EB020263EBE073009810
:1012600021464FEAE074B8EB000061EB0401E9E7C6
:1012700083F000435BE781F0004158E72DE9FE4F22
:1012800081EA030404F0004421F0004100944FF08F
:10129000000B23F0004350EA01045ED052EA03043D
:1012A0005BD0C3F30A54C1F30A552C44A4F2F334BF
:1012B0000194A0FB0254C1F3130141F48011C3F364
:1012C000130343F4801301FB024400FB034E840A22
:1012D000970A44EA815447EA8357A4FB07680295BA
:1012E0008D0A05FB07854FEA932C04FB0C54270558
:1012F000029D4FEA065847EA1637B5EB08056EEB34
:10130000070C870E920E47EA811742EA8312A7FB69
:101310000201B6EB0B0164EB00042B0D43EA0C3326
:101320005E1844EB1C50DA465146E7FB0201C5F358
:1013300013044FEA0B3343EA14534FEA0432019C7F
:1013400043EA0603A4F10C040294009CCDE900B426
:1013500000F015F903B0BDE8F08F00200146F9E771
:10136000F0B4CA17CB0F50405140C61841F10005E8
:101370004FEAC372314628004FF0960303D0B623DC
:10138000F0BC00F0BFB830460021F9E70EB5C10F40
:1013900080EAE0700844CA07002140F233438DE838
:1013A0000E000A460B4600F0EAF803B000BD0EB589
:1013B00040F2334102910021CDE900110A460B466B
:1013C00000F0DDF803B000BD3EB5CA17CB0F002416
:1013D00050405140C0186141DA0740F23343009455
:1013E000CDE901232246234600F0C9F803B030BD01
:1013F00000F0004230F000400AD0C10D01F56071EC
:10140000C0F3160042EA0151C20840071143704779
:10141000002001467047000030B5041E71F1000441
:1014200004DB4FF00044404264EB0101141E73F1F1
:10143000000405DB1C464FF00043524263EB0403FB
:101440008B4208BF824230BD30B5041E71F10004EA
:1014500004DB4FF00044404264EB0101141E73F1C1
:10146000000405DB1C464FF00043524263EB0403CB
:10147000994208BF904230BD01F0004330B421F0E2
:10148000004150EA010206D00A0DA2F56072C1F3D4
:101490001301002A02DC30BC00207047440F44EAEC
:1014A000C104C100E01830BC00EBC25000F021B80C
:1014B000202A04DB203A00FA02F100207047914014
:1014C000C2F1200320FA03F3194390407047202A09
:1014D00006DBCB17203A41FA02F043EAE07306E05C
:1014E00041FA02F3D040C2F120029140084319466C
:1014F00070470029A8BF7047401C490008BF20F072
:101500000100704710B4B0FA80FC00FA0CF050EA09
:10151000010404BF10BC704749B1CCF1200421FA8A
:1015200004F411FA0CF118BF012121430843A3EB85
:101530000C01CB1D4FEA00614FEA102042BF002092
:1015400010BC704700EBC35010440029A4BF10BC6E
:101550007047401C490008BF20F0010010BC7047D4
:1015600010B5141E73F1000408DA401C41F10001AB
:1015700092185B411A4301D120F0010010BD2DE902
:10158000F04D92469B4611B1B1FA81F202E0B0FAF9
:1015900080F220329046FFF78BFF04460F4640EA68
:1015A0000A0041EA0B0153465A46084313D011463C
:1015B00053EA010019D0C8F14002504600F040F84B
:1015C00005460E46504659464246FFF771FF08430E
:1015D00005D0012004E020463946BDE8F08D00200A
:1015E000054346EAE0762C4337430A986305E40A4C
:1015F000A0EB08000022FD0A44EA47540A3002D555
:1016000000200146E9E7010510196941DDE90845B7
:1016100000196941BDE8F04DA2E70000064C074DF6
:1016200006E0E06840F0010394E8070098471034B2
:10163000AC42F6D3EEF7BEFDD8200108F820010831
:10164000202A04DB203A21FA02F00021704721FA17
:1016500002F3D040C2F1200291400843194670477E
:1016600070B58C1810F8015B15F0070301D110F864
:10167000013B2A1106D110F8012B03E010F8016B91
:1016800001F8016B5B1EF9D12B0705D40023521E14
:101690000DD401F8013BFAE710F8013BCB1A921C7C
:1016A00003E013F8015B01F8015B521EF9D5A1427A
:1016B000D8D3002070BD02E008C8121F08C1002A5C
:1016C000FAD170477047002001E001C1121F002AC3
:1016D000FBD17047400014003000000033000000D0
:1016E0003400000041000000E000000006007C0023
:1016F0000020000000000000000000C80000000002
:10170000000000746573745061725F7538000000EA
:1017100000000000000000B2E2CAD4B2CECAFDA3AD
:10172000AC75696E74380000000000000000000015
:1017300000000000000000000000000000000000A9
:101740000000000000000000000000000000000099
:101750000000000000000000000000000000000089
:101760000000000000000000000000000000000079
:1017700000000000000000000000007E00002003C8
:1017800038FFFFFFFFFFFFFFC80000000000000060
:10179000746573745061725F73313600000000002D
:1017A00000000000B2E2CAD4B2CECAFDA3AC696E9A
:1017B000743136000000000000000000000000004E
:1017C0000000000000000000000000000000000019
:1017D0000000000000000000000000000000000009
:1017E00000000000000000000000000000000000F9
:1017F00000000000000000000000000000000000E9
:101800000000000000000000800000200A0000002E
:1018100000000000001E0000000000000053747271
:101820005061720000000000000000000000000095
:1018300000537472506172466F7254657374000085
:101840000000000000000000000000000000000098
:101850000000000000000000000000000000000088
:101860000000000000000000000000000000000078
:101870000000000000000000000000000000000068
:101880000000000000000000000000000000000058
:101890000000000000010101000000000000000045
:1018A0007465737446756E0000000000000000004F
:1018B00000000000C3FCC1EEB2E2CAD4BAAFCAFD58
:1018C0000000000000000000000000000000000018
:1018D0000000000000000000000000000000000008
:1018E00000000000000000000000000000000000F8
:1018F00000000000000000000000000000000000E8
:1019000000000000000000000000000000000000D7
:1019100000000000000000006B100008010102013F
:10192000030409000000007465737446756E32008C
:101930000000000000000000000000C3FCC1EEB287
:10194000E2CAD4BAAFCAFD320000000000000000B5
:101950000000000000000000000000000000000087
:101960000000000000000000000000000000000077
:101970000000000000000000000000000000000067
:101980000000000000000000000000000000000057
:10199000000000000000000000000000000000A99E
:1019A00010000800000000005680803BD37F003C00
:1019B00077BE403CCF7D803C5B9BA03CA6B7C03C43
:1019C0006ED2E03CB775003D3581103D918B203DD6
:1019D000AB94303D609C403D92A2503D25A7603DB8
:1019E000F1A9703D6F55803DE354883D4753903DCC
:1019F0008C50983D9F4CA03D7247A83DF740B03DAC
:101A00001B39B83DD22FC03D0C25C83DB218D03D82
:101A1000C60AD83D2DFBDF3DD9E9E73DB0D6EF3D05
:101A2000BEC1F73DDBAAFF3D04C9033E95BB073E9F
:101A300020AD0B3E979D0F3EF58C133E397B173E34
:101A400056681B3E3E541F3EF83E233E7728273EF5
:101A5000B4102B3EA1F72E3E45DD323E93C1363EFB
:101A60007DA43A3E0A863E3E2766423ED844463E24
:101A700012224A3EC7FD4D3EFED7513EAFB0553E05
:101A8000C687593E4B5D5D3E3731613E7C03653E06
:101A90001AD4683E0AA36C3E4770703EC83B743E41
:101AA0008805783E86CD7B3EB5937F3E0EAC813E69
:101AB000538D833EAE6D853E164D873E8D2B893E00
:101AC0000F098B3E99E58C3E2BC18E3EC19B903E0B
:101AD0005475923EE94D943E7B25963E07FC973E19
:101AE0008BD1993E02A69B3E6F799D3ECD4B9F3E8A
:101AF0001C1DA13E57EDA23E7FBCA43E8D8AA63E92
:101B00008457A83E6223AA3E23EEAB3EC2B7AD3E49
:101B10004580AF3EA447B13EE20DB33EF9D2B43E9C
:101B2000E996B63EB159B83E4F1BBA3EC2DBBB3E4A
:101B3000079BBD3E1E59BF3E0416C13EBCD1C23EEE
:101B40003F8CC43E8E45C63EA4FDC73E89B4C93E07
:101B5000336ACB3EA41ECD3EDAD1CE3ED583D03EF5
:101B60009434D23E18E4D33E5A92D53E603FD73EDD
:101B700021EBD83EA395DA3EE33EDC3EE1E6DD3ED6
:101B80009A8DDF3E0D33E13E3AD7E23E227AE43EC3
:101B9000C51BE63E1BBCE73E2F5BE93EF7F8EA3E7D
:101BA0007695EC3EA930EE3E93CAEF3E3563F13EAA
:101BB00086FAF23E8F90F43E4925F63EB9B8F73EDC
:101BC000DA4AF93EAFDBFA3E386BFC3E71F9FD3E76
:101BD0005A86FF3EFC88003F234E013FA212023F7F
:101BE0007BD6023FAC99033F365C043F171E053F8E
:101BF00051DF053FE39F063FCE5F073F121F083FBF
:101C0000ADDD083FA29B093FEF580A3F94150B3FFB
:101C100093D10B3FE98C0C3F9A470D3FA2010E3F39
:101C200003BB0E3FBF730F3FD32B103F41E3103F69
:101C3000089A113F2A50123FA405133F79BA133F67
:101C4000A86E143F3322153F18D5153F5787163F0E
:101C5000F138173FE7E9173F389A183FE749193F2E
:101C6000EFF8193F55A71A3F18551B3F37021C3F85
:101C7000B3AE1C3F8E5A1D3FC4051E3F5AB01E3FD7
:101C80004E5A1F3FA103203F52AC203F6354213FD7
:101C9000D3FB213FA4A2223FD548233F67EE233F39
:101CA0005A93243FAD37253F63DB253F7A7E263F9D
:101CB000F420273FD2C2273F1364283FB704293FAF
:101CC000BFA4293F2C442A3FFEE22A3F33812B3F09
:101CD000D11E2C3FD2BB2C3F3C582D3F0CF42D3F46
:101CE000438F2E3FE1292F3FE9C32F3F595D303FFE
:101CF00033F6303F758E313F2126323F39BD323FBA
:101D0000BB53333FA9E9333F027F343FC713353F0D
:101D1000F9A7353F993B363FA6CE363F2161373F85
:101D20000BF3373F6484383F2E15393F65A5393FA3
:101D30000F353A3F2AC43A3FB4523B3FB3E03B3FF2
:101D4000226E3C3F06FB3C3F5D873D3F26133E3FF6
:101D5000679E3E3F1A293F3F44B33F3FE43C403F2C
:101D6000F9C5403F864E413F89D6413F065E423F1E
:101D7000FAE4423F676B433F4FF1433FB076443F45
:101D80008CFB443FE27F453FB403463F0187463F1B
:101D9000CB09473F138C473FD70D483F198F483F2A
:101DA000DD0F493FDD0F493F12010002EF02014004
:101DB000830460A000010102030109024B0002013B
:101DC000008032080B000202020100090400000139
:101DD000020201020524001001052401000104246F
:101DE000020205240600010705820308000A09040F
:101DF0000100020A0000000705010240000007057B
:101E00008102400000040309040C0341004E004F0E
:101E100000540043001C0341006E006F002000438B
:101E2000006F00720065002000340032003900208D
:101E3000000A0332003000320034000004000000C9
:101E4000010001012E2E5C447269766572734D6348
:101E5000755C53544D3332463478785C4C69627209
:101E600061726965735C53544D3332463478785FE0
:101E70005374645065726970685F44726976657204
:101E80005C7372635C6D6973632E63002E2E5C4419
:101E90007269766572734D63755C53544D33324687
:101EA0003478785C4C69627261726965735C535412
:101EB0004D3332463478785F53746450657269707C
:101EC000685F4472697665725C7372635C73746D8B
:101ED0003332663478785F6164632E6300000000FB
:101EE0002E2E5C447269766572734D63755C535433
:101EF0004D3332463478785C4C6962726172696540
:101F0000735C53544D3332463478785F5374645065
:101F100065726970685F4472697665725C7372633A
:101F20005C73746D3332663478785F646D612E63F0
:101F3000000000002E2E5C447269766572734D635A
:101F4000755C53544D3332463478785C4C69627218
:101F500061726965735C53544D3332463478785FEF
:101F60005374645065726970685F44726976657213
:101F70005C7372635C73746D3332663478785F655A
:101F80007874692E630000002E2E5C4472697665B9
:101F900072734D63755C53544D3332463478785CBC
:101FA0004C69627261726965735C53544D33324699
:101FB0003478785F5374645065726970685F4472F6
:101FC000697665725C7372635C73746D3332663408
:101FD00078785F6770696F2E630000002E2E5C4476
:101FE0007269766572734D63755C53544D33324636
:101FF0003478785C4C69627261726965735C5354C1
:102000004D3332463478785F53746450657269702A
:10201000685F4472697665725C7372635C73746D39
:102020003332663478785F7263632E630000000099
:102030002E2E5C447269766572734D63755C5354E1
:102040004D3332463478785C4C69627261726965EE
:10205000735C53544D3332463478785F5374645014
:1020600065726970685F4472697665725C737263E9
:102070005C73746D3332663478785F74696D2E6387
:10208000000000002E2E5C447269766572734D6309
:10209000755C53544D3332463478785C4C696272C7
:1020A00061726965735C53544D3332463478785F9E
:1020B0005374645065726970685F447269766572C2
:1020C0005C7372635C73746D3332663478785F75F9
:1020D000736172742E630000F82001080000002074
:1020E0008005000060160108042201088005002018
:1020F000E04A0000C616010813D5016408E8031A77
:10210000D70C63F4011AD90C72C81ADB0C72641A6A
:10211000E70C72321AEF0C7214131702032F080225
:10212000127B00183585FFB2E2CAD4B2CECAFD7761
:1021300077772E616E6F74632E636F6D16B56206CE
:10214000080612641A01024B7A120E3AC80E1BDE00
:102150006A0E13071414400D031BA0861219E45ACB
:1021600034F41BD1CA1C111A14262133D0082AC2F8
:1021700032290E21DBB8421C7B100E1C1B131E1CC7
:1021800053090D63FFFF1C031DAB1513010313015E
:10219000025B0D460B12065B114E0B12125B1D66A5
:1021A0000B12215B2C840B12045B0F4A0B5D0701A1
:1021B00013510B101A350141AD2443464750525478
:1021C0002C2C302C3932313630302C2C0D0A29167B
:1021D0001E4D4F542C31021A3010016229F2134D5A
:1021E000623308811A730801217B95BA9768090147
:1021F000020304060708090CA91001FF01FF01FFF3
:042200007100000069
:04000005080001AD41
:00000001FF
